problem,status,incumbent
agricola-opt18-strips-p01,0,142
agricola-opt18-strips-p02,0,142
agricola-opt18-strips-p03,0,204
agricola-opt18-strips-p04,0,146
agricola-opt18-strips-p05,0,208
agricola-opt18-strips-p06,0,206
agricola-opt18-strips-p07,0,212
agricola-opt18-strips-p08,0,150
agricola-opt18-strips-p09,0,150
agricola-opt18-strips-p10,0,154
agricola-opt18-strips-p11,0,216
agricola-opt18-strips-p12,0,214
agricola-opt18-strips-p13,0,220
agricola-opt18-strips-p14,0,158
agricola-opt18-strips-p15,0,158
agricola-opt18-strips-p16,0,222
agricola-opt18-strips-p17,0,162
agricola-opt18-strips-p18,0,222
agricola-opt18-strips-p19,0,226
agricola-opt18-strips-p20,0,166
agricola-sat18-strips-p01,0,382
agricola-sat18-strips-p02,0,386
agricola-sat18-strips-p03,0,390
agricola-sat18-strips-p04,0,576
agricola-sat18-strips-p05,0,580
agricola-sat18-strips-p06,0,402
agricola-sat18-strips-p07,0,586
agricola-sat18-strips-p08,0,590
agricola-sat18-strips-p09,0,594
agricola-sat18-strips-p10,0,598
agricola-sat18-strips-p11,0,283
agricola-sat18-strips-p12,0,287
agricola-sat18-strips-p13,0,276
agricola-sat18-strips-p14,0,279
agricola-sat18-strips-p15,0,288
agricola-sat18-strips-p16,0,297
agricola-sat18-strips-p17,0,415
agricola-sat18-strips-p18,0,420
agricola-sat18-strips-p19,0,428
agricola-sat18-strips-p20,0,433
airport-p01-airport1-p1,0,8
airport-p02-airport1-p1,0,9
airport-p03-airport1-p2,0,17
airport-p04-airport2-p1,0,20
airport-p05-airport2-p1,0,21
airport-p06-airport2-p2,0,41
airport-p07-airport2-p2,0,41
airport-p08-airport2-p3,0,62
airport-p09-airport2-p4,0,71
airport-p10-airport3-p1,0,18
airport-p11-airport3-p1,0,21
airport-p12-airport3-p2,0,39
airport-p13-airport3-p2,0,37
airport-p14-airport3-p3,0,60
airport-p15-airport3-p3,0,58
airport-p16-airport3-p4,0,79
airport-p17-airport3-p5,0,88
airport-p18-airport3-p6,0,107
airport-p19-airport3-p6,0,90
airport-p20-airport3-p7,0,115
airport-p21-airport4halfMUC-p2,0,101
airport-p22-airport4halfMUC-p3,0,148
airport-p23-airport4halfMUC-p4,0,168
airport-p24-airport4halfMUC-p4,0,162
airport-p25-airport4halfMUC-p5,0,212
airport-p26-airport4halfMUC-p6,0,220
airport-p27-airport4halfMUC-p6,0,246
airport-p28-airport4halfMUC-p7,0,294
airport-p29-airport4halfMUC-p8,0,308
airport-p30-airport4halfMUC-p8,0,310
airport-p31-airport4halfMUC-p9,0,358
airport-p32-airport4halfMUC-p10,0,390
airport-p33-airport4halfMUC-p10,0,393
airport-p34-airport4halfMUC-p11,0,427
airport-p35-airport4halfMUC-p12,0,433
airport-p36-airport5MUC-p2,0,109
airport-p37-airport5MUC-p3,0,141
airport-p38-airport5MUC-p3,0,154
airport-p39-airport5MUC-p4,0,208
airport-p40-airport5MUC-p4,0,190
airport-p41-airport5MUC-p4,0,178
airport-p42-airport5MUC-p5,0,257
airport-p43-airport5MUC-p5,0,223
airport-p44-airport5MUC-p5,0,227
airport-p45-airport5MUC-p6,0,249
airport-p46-airport5MUC-p6,0,290
airport-p47-airport5MUC-p8,0,355
airport-p48-airport5MUC-p9,0,423
airport-p49-airport5MUC-p10,0,451
airport-p50-airport5MUC-p15,0,685
barman-mco14-strips-p1-11-5-15,0,36
barman-mco14-strips-p1-11-5-16,0,38
barman-mco14-strips-p1-8-4-10,0,26
barman-mco14-strips-p2-10-4-13,0,31
barman-mco14-strips-p2-11-4-15,0,34
barman-mco14-strips-p2-11-5-15,0,37
barman-mco14-strips-p2-11-5-16,0,37
barman-mco14-strips-p2-11-5-17,0,38
barman-mco14-strips-p3-10-4-13,0,31
barman-mco14-strips-p3-11-4-15,0,34
barman-mco14-strips-p3-11-5-15,0,36
barman-mco14-strips-p3-11-5-16,0,38
barman-mco14-strips-p3-11-5-17,0,38
barman-mco14-strips-p4-11-4-14,0,33
barman-mco14-strips-p4-11-4-15,0,34
barman-mco14-strips-p4-11-5-15,0,36
barman-mco14-strips-p5-10-4-13,0,31
barman-mco14-strips-p5-11-4-15,0,34
barman-mco14-strips-p5-11-5-15,0,36
barman-mco14-strips-p5-11-5-16,0,37
barman-opt11-strips-pfile01-001,0,41
barman-opt11-strips-pfile01-002,0,41
barman-opt11-strips-pfile01-003,0,41
barman-opt11-strips-pfile01-004,0,41
barman-opt11-strips-pfile02-005,0,43
barman-opt11-strips-pfile02-006,0,43
barman-opt11-strips-pfile02-007,0,43
barman-opt11-strips-pfile02-008,0,43
barman-opt11-strips-pfile03-009,0,45
barman-opt11-strips-pfile03-010,0,45
barman-opt11-strips-pfile03-011,0,45
barman-opt11-strips-pfile03-012,0,45
barman-opt11-strips-pfile04-013,0,47
barman-opt11-strips-pfile04-014,0,48
barman-opt11-strips-pfile04-015,0,47
barman-opt11-strips-pfile04-016,0,47
barman-opt11-strips-pfile05-017,0,50
barman-opt11-strips-pfile05-018,0,50
barman-opt11-strips-pfile05-019,0,50
barman-opt11-strips-pfile05-020,0,50
barman-opt14-strips-p435-1,0,16
barman-opt14-strips-p435-2,0,16
barman-opt14-strips-p435-3,0,16
barman-opt14-strips-p536-1,0,18
barman-opt14-strips-p536-2,0,18
barman-opt14-strips-p536-3,0,18
barman-opt14-strips-p638-1,0,20
barman-opt14-strips-p638-2,0,21
barman-opt14-strips-p638-3,0,21
barman-opt14-strips-p739-1,0,22
barman-opt14-strips-p739-2,0,22
barman-opt14-strips-p739-3,0,22
barman-opt14-strips-p839-1,0,24
barman-opt14-strips-p839-2,0,24
barman-sat11-strips-pfile06-021,0,62
barman-sat11-strips-pfile06-022,0,63
barman-sat11-strips-pfile06-023,0,51
barman-sat11-strips-pfile06-024,0,62
barman-sat11-strips-pfile07-025,0,65
barman-sat11-strips-pfile07-026,0,64
barman-sat11-strips-pfile07-027,0,64
barman-sat11-strips-pfile07-028,0,65
barman-sat11-strips-pfile08-029,0,67
barman-sat11-strips-pfile08-030,0,68
barman-sat11-strips-pfile08-031,0,67
barman-sat11-strips-pfile08-032,0,67
barman-sat11-strips-pfile09-033,0,69
barman-sat11-strips-pfile09-034,0,69
barman-sat11-strips-pfile09-035,0,69
barman-sat11-strips-pfile09-036,0,69
barman-sat11-strips-pfile10-037,0,70
barman-sat11-strips-pfile10-038,0,70
barman-sat11-strips-pfile10-039,0,70
barman-sat11-strips-pfile10-040,0,71
barman-sat14-strips-p1-11-4-15,0,34
barman-sat14-strips-p1-11-5-15,0,36
barman-sat14-strips-p1-11-5-16,0,38
barman-sat14-strips-p2-10-4-13,0,31
barman-sat14-strips-p2-11-4-15,0,34
barman-sat14-strips-p2-11-5-15,0,37
barman-sat14-strips-p2-11-5-16,0,37
barman-sat14-strips-p2-11-5-17,0,38
barman-sat14-strips-p3-10-4-13,0,31
barman-sat14-strips-p3-11-4-15,0,34
barman-sat14-strips-p3-11-5-15,0,36
barman-sat14-strips-p3-11-5-16,0,38
barman-sat14-strips-p3-11-5-17,0,38
barman-sat14-strips-p4-11-4-14,0,33
barman-sat14-strips-p4-11-4-15,0,34
barman-sat14-strips-p4-11-5-15,0,36
barman-sat14-strips-p5-10-4-13,0,31
barman-sat14-strips-p5-11-4-15,0,34
barman-sat14-strips-p5-11-5-15,0,36
barman-sat14-strips-p5-11-5-16,0,37
blocks-probBLOCKS-10-0,0,18
blocks-probBLOCKS-10-1,0,19
blocks-probBLOCKS-10-2,0,19
blocks-probBLOCKS-11-0,0,19
blocks-probBLOCKS-11-1,0,21
blocks-probBLOCKS-11-2,0,19
blocks-probBLOCKS-12-0,0,22
blocks-probBLOCKS-12-1,0,22
blocks-probBLOCKS-13-0,0,24
blocks-probBLOCKS-13-1,0,25
blocks-probBLOCKS-14-0,0,25
blocks-probBLOCKS-14-1,0,27
blocks-probBLOCKS-15-0,0,28
blocks-probBLOCKS-15-1,0,28
blocks-probBLOCKS-16-1,0,31
blocks-probBLOCKS-16-2,0,28
blocks-probBLOCKS-17-0,0,33
blocks-probBLOCKS-4-0,0,6
blocks-probBLOCKS-4-1,0,6
blocks-probBLOCKS-4-2,0,6
blocks-probBLOCKS-5-0,0,8
blocks-probBLOCKS-5-1,0,7
blocks-probBLOCKS-5-2,0,9
blocks-probBLOCKS-6-0,0,11
blocks-probBLOCKS-6-1,0,10
blocks-probBLOCKS-6-2,0,11
blocks-probBLOCKS-7-0,0,13
blocks-probBLOCKS-7-1,0,12
blocks-probBLOCKS-7-2,0,12
blocks-probBLOCKS-8-0,0,13
blocks-probBLOCKS-8-1,0,13
blocks-probBLOCKS-8-2,0,14
blocks-probBLOCKS-9-0,0,16
blocks-probBLOCKS-9-1,0,16
blocks-probBLOCKS-9-2,0,17
childsnack-opt14-strips-child-snack_pfile01,0,10
childsnack-opt14-strips-child-snack_pfile01-2,0,11
childsnack-opt14-strips-child-snack_pfile02,0,11
childsnack-opt14-strips-child-snack_pfile02-2,0,12
childsnack-opt14-strips-child-snack_pfile03,0,13
childsnack-opt14-strips-child-snack_pfile03-2,0,13
childsnack-opt14-strips-child-snack_pfile04,0,14
childsnack-opt14-strips-child-snack_pfile04-2,0,14
childsnack-opt14-strips-child-snack_pfile05,0,15
childsnack-opt14-strips-child-snack_pfile05-2,0,15
childsnack-opt14-strips-child-snack_pfile06,0,16
childsnack-opt14-strips-child-snack_pfile06-2,0,16
childsnack-opt14-strips-child-snack_pfile07,0,17
childsnack-opt14-strips-child-snack_pfile07-2,0,17
childsnack-opt14-strips-child-snack_pfile08,0,18
childsnack-opt14-strips-child-snack_pfile08-2,0,18
childsnack-opt14-strips-child-snack_pfile09,0,19
childsnack-opt14-strips-child-snack_pfile09-2,0,19
childsnack-opt14-strips-child-snack_pfile10,0,20
childsnack-opt14-strips-child-snack_pfile10-2,0,20
childsnack-sat14-strips-child-snack_pfile05,0,15
childsnack-sat14-strips-child-snack_pfile05-2,0,15
childsnack-sat14-strips-child-snack_pfile06-2,0,16
childsnack-sat14-strips-child-snack_pfile07-2,0,17
childsnack-sat14-strips-child-snack_pfile08,0,18
childsnack-sat14-strips-child-snack_pfile08-2,0,18
childsnack-sat14-strips-child-snack_pfile09,0,19
childsnack-sat14-strips-child-snack_pfile09-2,0,19
childsnack-sat14-strips-child-snack_pfile10,0,20
childsnack-sat14-strips-child-snack_pfile10-2,0,20
childsnack-sat14-strips-child-snack_pfile11,0,21
childsnack-sat14-strips-child-snack_pfile11-2,0,21
childsnack-sat14-strips-child-snack_pfile12,0,22
childsnack-sat14-strips-child-snack_pfile13,0,23
childsnack-sat14-strips-child-snack_pfile13-2,0,23
childsnack-sat14-strips-child-snack_pfile14,0,24
childsnack-sat14-strips-child-snack_pfile15-2,0,25
childsnack-sat14-strips-child-snack_pfile16-2,0,26
childsnack-sat14-strips-child-snack_pfile19,0,29
childsnack-sat14-strips-child-snack_pfile19-2,0,29
data-network-opt18-strips-p01,0,105
data-network-opt18-strips-p02,0,29
data-network-opt18-strips-p03,0,78
data-network-opt18-strips-p04,0,119
data-network-opt18-strips-p05,0,104
data-network-opt18-strips-p06,0,55
data-network-opt18-strips-p07,0,87
data-network-opt18-strips-p08,0,104
data-network-opt18-strips-p09,0,27
data-network-opt18-strips-p10,0,85
data-network-opt18-strips-p11,0,47
data-network-opt18-strips-p12,0,62
data-network-opt18-strips-p13,0,100
data-network-opt18-strips-p14,0,181
data-network-opt18-strips-p15,0,50
data-network-opt18-strips-p16,0,117
data-network-opt18-strips-p17,0,93
data-network-opt18-strips-p18,0,143
data-network-opt18-strips-p19,0,169
data-network-opt18-strips-p20,0,193
data-network-sat18-strips-p01,0,304
data-network-sat18-strips-p02,0,218
data-network-sat18-strips-p03,0,315
data-network-sat18-strips-p04,0,459
data-network-sat18-strips-p05,0,454
data-network-sat18-strips-p06,2,582
data-network-sat18-strips-p07,0,518
data-network-sat18-strips-p08,0,468
data-network-sat18-strips-p09,0,721
data-network-sat18-strips-p10,0,601
data-network-sat18-strips-p11,0,203
data-network-sat18-strips-p12,0,257
data-network-sat18-strips-p13,0,320
data-network-sat18-strips-p14,2,345
data-network-sat18-strips-p15,2,478
data-network-sat18-strips-p16,2,525
data-network-sat18-strips-p17,2,589
data-network-sat18-strips-p18,2,472
data-network-sat18-strips-p19,2,1251
data-network-sat18-strips-p20,2,776
depot-p01,0,10
depot-p02,0,14
depot-p03,0,22
depot-p04,0,17
depot-p05,0,33
depot-p06,0,42
depot-p07,0,18
depot-p08,0,27
depot-p09,0,44
depot-p10,0,22
depot-p11,0,41
depot-p12,0,45
depot-p13,0,24
depot-p14,0,23
depot-p15,0,49
depot-p16,0,24
depot-p17,0,22
depot-p18,0,49
depot-p19,0,32
depot-p20,0,57
depot-p21,0,32
depot-p22,0,77
driverlog-p01,0,6
driverlog-p02,0,14
driverlog-p03,0,11
driverlog-p04,0,12
driverlog-p05,0,15
driverlog-p06,0,10
driverlog-p07,0,12
driverlog-p08,0,15
driverlog-p09,0,18
driverlog-p10,0,16
driverlog-p11,0,18
driverlog-p12,0,24
driverlog-p13,0,21
driverlog-p14,0,25
driverlog-p15,0,30
driverlog-p16,0,51
driverlog-p17,0,57
driverlog-p18,0,62
driverlog-p19,2,85
driverlog-p20,0,79
elevators-opt08-strips-p01,0,32
elevators-opt08-strips-p02,0,26
elevators-opt08-strips-p03,0,38
elevators-opt08-strips-p04,0,36
elevators-opt08-strips-p05,0,38
elevators-opt08-strips-p06,0,38
elevators-opt08-strips-p07,0,38
elevators-opt08-strips-p08,0,33
elevators-opt08-strips-p09,0,48
elevators-opt08-strips-p10,0,48
elevators-opt08-strips-p11,0,41
elevators-opt08-strips-p12,0,38
elevators-opt08-strips-p13,0,47
elevators-opt08-strips-p14,0,41
elevators-opt08-strips-p15,0,44
elevators-opt08-strips-p16,0,51
elevators-opt08-strips-p17,0,57
elevators-opt08-strips-p18,0,44
elevators-opt08-strips-p19,0,57
elevators-opt08-strips-p20,0,51
elevators-opt08-strips-p21,0,34
elevators-opt08-strips-p22,0,40
elevators-opt08-strips-p23,0,46
elevators-opt08-strips-p24,0,49
elevators-opt08-strips-p25,0,45
elevators-opt08-strips-p26,0,39
elevators-opt08-strips-p27,0,56
elevators-opt08-strips-p28,0,51
elevators-opt08-strips-p29,0,57
elevators-opt08-strips-p30,0,57
elevators-opt11-strips-p01,0,41
elevators-opt11-strips-p02,0,34
elevators-opt11-strips-p03,0,38
elevators-opt11-strips-p04,0,38
elevators-opt11-strips-p05,0,47
elevators-opt11-strips-p06,0,36
elevators-opt11-strips-p07,0,39
elevators-opt11-strips-p08,0,38
elevators-opt11-strips-p09,0,40
elevators-opt11-strips-p10,0,41
elevators-opt11-strips-p11,0,51
elevators-opt11-strips-p12,0,38
elevators-opt11-strips-p13,0,38
elevators-opt11-strips-p14,0,33
elevators-opt11-strips-p15,0,48
elevators-opt11-strips-p16,0,44
elevators-opt11-strips-p17,0,57
elevators-opt11-strips-p18,0,44
elevators-opt11-strips-p19,0,46
elevators-opt11-strips-p20,0,49
elevators-sat08-strips-p01,0,42
elevators-sat08-strips-p02,0,37
elevators-sat08-strips-p03,0,43
elevators-sat08-strips-p04,0,48
elevators-sat08-strips-p05,0,43
elevators-sat08-strips-p06,0,48
elevators-sat08-strips-p07,0,48
elevators-sat08-strips-p08,0,48
elevators-sat08-strips-p09,0,48
elevators-sat08-strips-p10,0,43
elevators-sat08-strips-p11,0,64
elevators-sat08-strips-p12,0,81
elevators-sat08-strips-p13,0,81
elevators-sat08-strips-p14,0,85
elevators-sat08-strips-p15,0,91
elevators-sat08-strips-p16,0,81
elevators-sat08-strips-p17,0,91
elevators-sat08-strips-p18,0,90
elevators-sat08-strips-p19,0,96
elevators-sat08-strips-p20,0,96
elevators-sat08-strips-p21,0,102
elevators-sat08-strips-p22,0,114
elevators-sat08-strips-p23,0,112
elevators-sat08-strips-p24,0,124
elevators-sat08-strips-p25,0,134
elevators-sat08-strips-p26,0,134
elevators-sat08-strips-p27,0,129
elevators-sat08-strips-p28,0,144
elevators-sat08-strips-p29,0,134
elevators-sat08-strips-p30,0,139
elevators-sat11-strips-p01,0,85
elevators-sat11-strips-p02,0,124
elevators-sat11-strips-p03,0,134
elevators-sat11-strips-p04,0,96
elevators-sat11-strips-p05,0,90
elevators-sat11-strips-p06,0,129
elevators-sat11-strips-p07,0,134
elevators-sat11-strips-p08,0,144
elevators-sat11-strips-p09,0,134
elevators-sat11-strips-p10,0,139
elevators-sat11-strips-p11,0,144
elevators-sat11-strips-p12,0,133
elevators-sat11-strips-p13,0,139
elevators-sat11-strips-p14,0,144
elevators-sat11-strips-p15,0,139
elevators-sat11-strips-p16,0,220
elevators-sat11-strips-p17,0,235
elevators-sat11-strips-p18,0,220
elevators-sat11-strips-p19,0,230
elevators-sat11-strips-p20,0,240
floortile-opt11-strips-opt-p01-001,0,28
floortile-opt11-strips-opt-p01-002,0,25
floortile-opt11-strips-opt-p02-003,0,42
floortile-opt11-strips-opt-p02-004,0,34
floortile-opt11-strips-opt-p03-005,0,42
floortile-opt11-strips-opt-p03-006,0,43
floortile-opt11-strips-opt-p04-007,0,45
floortile-opt11-strips-opt-p04-008,0,49
floortile-opt11-strips-opt-p05-009,0,56
floortile-opt11-strips-opt-p05-010,0,57
floortile-opt11-strips-opt-p06-011,0,70
floortile-opt11-strips-opt-p06-012,0,68
floortile-opt11-strips-opt-p07-013,0,71
floortile-opt11-strips-opt-p07-014,0,69
floortile-opt11-strips-opt-p08-015,0,84
floortile-opt11-strips-opt-p08-016,0,86
floortile-opt11-strips-opt-p09-017,0,94
floortile-opt11-strips-opt-p09-018,0,95
floortile-opt11-strips-opt-p10-019,0,104
floortile-opt11-strips-opt-p10-020,0,104
floortile-opt14-strips-p01-4-3-2,0,36
floortile-opt14-strips-p01-4-4-2,0,46
floortile-opt14-strips-p01-5-3-2,0,44
floortile-opt14-strips-p01-5-4-2,0,58
floortile-opt14-strips-p01-5-5-2,0,69
floortile-opt14-strips-p01-6-4-2,0,68
floortile-opt14-strips-p01-6-5-2,0,84
floortile-opt14-strips-p02-4-4-2,0,49
floortile-opt14-strips-p02-5-3-2,0,45
floortile-opt14-strips-p02-5-4-2,0,62
floortile-opt14-strips-p02-5-5-2,0,71
floortile-opt14-strips-p02-6-4-2,0,68
floortile-opt14-strips-p02-6-5-2,0,92
floortile-opt14-strips-p03-4-3-2,0,40
floortile-opt14-strips-p03-4-4-2,0,50
floortile-opt14-strips-p03-5-3-2,0,45
floortile-opt14-strips-p03-5-4-2,0,58
floortile-opt14-strips-p03-5-5-2,0,69
floortile-opt14-strips-p03-6-4-2,0,74
floortile-opt14-strips-p03-6-5-2,0,86
floortile-sat11-strips-seq-p01-001,0,33
floortile-sat11-strips-seq-p01-002,0,35
floortile-sat11-strips-seq-p02-003,0,44
floortile-sat11-strips-seq-p02-004,0,50
floortile-sat11-strips-seq-p03-005,0,44
floortile-sat11-strips-seq-p03-006,0,45
floortile-sat11-strips-seq-p04-007,0,56
floortile-sat11-strips-seq-p04-008,0,56
floortile-sat11-strips-seq-p05-009,0,68
floortile-sat11-strips-seq-p05-010,0,68
floortile-sat11-strips-seq-p06-011,0,70
floortile-sat11-strips-seq-p06-012,0,73
floortile-sat11-strips-seq-p07-013,0,84
floortile-sat11-strips-seq-p07-014,0,87
floortile-sat11-strips-seq-p08-015,0,100
floortile-sat11-strips-seq-p08-016,0,102
floortile-sat11-strips-seq-p09-017,0,113
floortile-sat11-strips-seq-p09-018,0,114
floortile-sat11-strips-seq-p10-019,0,137
floortile-sat11-strips-seq-p10-020,0,131
floortile-sat14-strips-p01-4-3-2,0,36
floortile-sat14-strips-p01-5-4-2,0,58
floortile-sat14-strips-p01-5-5-2,0,69
floortile-sat14-strips-p01-6-4-2,0,68
floortile-sat14-strips-p01-6-5-2,0,84
floortile-sat14-strips-p01-6-5-3,0,84
floortile-sat14-strips-p02-5-4-2,0,62
floortile-sat14-strips-p02-6-4-2,0,68
floortile-sat14-strips-p02-6-5-2,0,92
floortile-sat14-strips-p02-6-5-3,0,84
floortile-sat14-strips-p03-6-4-2,0,74
floortile-sat14-strips-p03-6-5-2,0,86
floortile-sat14-strips-p03-6-5-3,0,85
floortile-sat14-strips-p04-5-4-2,0,63
floortile-sat14-strips-p04-5-5-2,0,79
floortile-sat14-strips-p04-6-5-2,0,89
floortile-sat14-strips-p04-6-5-3,0,84
floortile-sat14-strips-p05-4-3-2,0,33
floortile-sat14-strips-p05-6-5-2,0,84
floortile-sat14-strips-p05-6-5-3,0,84
freecell-p01,0,8
freecell-p02,0,14
freecell-p03,0,18
freecell-p04,0,26
freecell-p05,0,30
freecell-p06,0,34
freecell-p07,0,39
freecell-p08,0,45
freecell-p09,0,41
freecell-p10,0,48
freecell-p11,0,49
freecell-p12,0,46
freecell-p13,0,55
freecell-p14,0,54
freecell-p15,0,61
freecell-p16,0,59
freecell-p17,0,60
freecell-p18,0,70
freecell-p19,0,73
freecell-p20,0,69
freecell-probfreecell-10-1,0,55
freecell-probfreecell-10-2,0,52
freecell-probfreecell-10-3,0,49
freecell-probfreecell-10-4,0,55
freecell-probfreecell-10-5,0,57
freecell-probfreecell-11-1,0,61
freecell-probfreecell-11-2,0,57
freecell-probfreecell-11-3,0,56
freecell-probfreecell-11-4,0,62
freecell-probfreecell-11-5,0,65
freecell-probfreecell-12-1,0,67
freecell-probfreecell-12-2,0,62
freecell-probfreecell-12-3,0,63
freecell-probfreecell-12-4,0,67
freecell-probfreecell-12-5,0,71
freecell-probfreecell-13-1,0,74
freecell-probfreecell-13-2,0,68
freecell-probfreecell-13-3,0,70
freecell-probfreecell-13-4,0,73
freecell-probfreecell-13-5,0,78
freecell-probfreecell-2-1,0,9
freecell-probfreecell-2-2,0,8
freecell-probfreecell-2-3,0,8
freecell-probfreecell-2-4,0,8
freecell-probfreecell-2-5,0,9
freecell-probfreecell-3-1,0,14
freecell-probfreecell-3-2,0,13
freecell-probfreecell-3-3,0,12
freecell-probfreecell-3-4,0,12
freecell-probfreecell-3-5,0,13
freecell-probfreecell-4-1,0,19
freecell-probfreecell-4-2,0,17
freecell-probfreecell-4-3,0,18
freecell-probfreecell-4-4,0,18
freecell-probfreecell-4-5,0,18
freecell-probfreecell-5-1,0,24
freecell-probfreecell-5-2,0,23
freecell-probfreecell-5-3,0,24
freecell-probfreecell-5-4,0,23
freecell-probfreecell-5-5,0,25
freecell-probfreecell-6-1,0,30
freecell-probfreecell-6-2,0,28
freecell-probfreecell-6-3,0,28
freecell-probfreecell-6-4,0,28
freecell-probfreecell-6-5,0,32
freecell-probfreecell-7-1,0,35
freecell-probfreecell-7-2,0,34
freecell-probfreecell-7-3,0,32
freecell-probfreecell-7-4,0,35
freecell-probfreecell-7-5,0,40
freecell-probfreecell-8-1,0,42
freecell-probfreecell-8-2,0,39
freecell-probfreecell-8-3,0,38
freecell-probfreecell-8-4,0,41
freecell-probfreecell-8-5,0,45
freecell-probfreecell-9-1,0,47
freecell-probfreecell-9-2,0,44
freecell-probfreecell-9-3,0,44
freecell-probfreecell-9-4,0,48
freecell-probfreecell-9-5,0,51
ged-opt14-strips-d-1-2,0,1
ged-opt14-strips-d-1-3,0,1
ged-opt14-strips-d-1-4,0,1
ged-opt14-strips-d-1-8,0,1
ged-opt14-strips-d-2-1,0,1
ged-opt14-strips-d-2-3,0,1
ged-opt14-strips-d-2-4,0,1
ged-opt14-strips-d-2-8,0,1
ged-opt14-strips-d-3-1,0,1
ged-opt14-strips-d-3-2,0,1
ged-opt14-strips-d-3-4,0,1
ged-opt14-strips-d-4-2,0,1
ged-opt14-strips-d-4-3,0,1
ged-opt14-strips-d-4-8,0,1
ged-opt14-strips-d-7-5,0,1
ged-opt14-strips-d-7-6,0,0
ged-opt14-strips-d-8-1,0,1
ged-opt14-strips-d-8-2,0,1
ged-opt14-strips-d-8-4,0,1
ged-opt14-strips-d-8-9,0,1
ged-sat14-strips-d-10-1,0,1
ged-sat14-strips-d-10-2,0,1
ged-sat14-strips-d-10-3,0,1
ged-sat14-strips-d-10-4,0,1
ged-sat14-strips-d-10-5,0,1
ged-sat14-strips-d-10-6,0,1
ged-sat14-strips-d-11-1,0,1
ged-sat14-strips-d-11-3,0,1
ged-sat14-strips-d-11-5,0,1
ged-sat14-strips-d-11-6,0,1
ged-sat14-strips-d-12-11,0,1
ged-sat14-strips-d-12-2,0,1
ged-sat14-strips-d-12-3,0,1
ged-sat14-strips-d-12-5,0,1
ged-sat14-strips-d-12-6,0,1
ged-sat14-strips-d-12-7,0,1
ged-sat14-strips-d-12-8,0,1
ged-sat14-strips-d-12-9,0,1
ged-sat14-strips-d-3-6,0,1
ged-sat14-strips-d-9-5,0,1
grid-prob01,0,10
grid-prob02,0,20
grid-prob03,0,26
grid-prob04,0,23
grid-prob05,0,50
gripper-prob01,0,9
gripper-prob02,0,13
gripper-prob03,0,17
gripper-prob04,0,21
gripper-prob05,0,25
gripper-prob06,0,29
gripper-prob07,0,33
gripper-prob08,0,37
gripper-prob09,0,41
gripper-prob10,0,45
gripper-prob11,0,49
gripper-prob12,0,53
gripper-prob13,0,57
gripper-prob14,0,61
gripper-prob15,0,65
gripper-prob16,0,69
gripper-prob17,0,73
gripper-prob18,0,77
gripper-prob19,0,81
gripper-prob20,0,85
hiking-agl14-strips-testing-3-4-3,0,9
hiking-agl14-strips-testing-3-4-4,0,13
hiking-agl14-strips-testing-3-4-5,0,17
hiking-agl14-strips-testing-3-4-6,0,21
hiking-agl14-strips-testing-3-4-7,0,25
hiking-agl14-strips-testing-3-4-8,0,29
hiking-agl14-strips-testing-3-4-9,0,33
hiking-agl14-strips-testing-4-5-3,0,11
hiking-agl14-strips-testing-4-5-4,0,16
hiking-agl14-strips-testing-4-5-5,0,21
hiking-agl14-strips-testing-4-5-6,0,26
hiking-agl14-strips-testing-4-5-7,0,31
hiking-agl14-strips-testing-4-5-8,0,36
hiking-agl14-strips-testing-4-5-9,0,41
hiking-agl14-strips-testing-5-6-3,0,13
hiking-agl14-strips-testing-5-6-4,0,19
hiking-agl14-strips-testing-5-6-5,0,25
hiking-agl14-strips-testing-5-6-6,0,31
hiking-agl14-strips-testing-5-6-7,0,37
hiking-agl14-strips-testing-5-6-8,0,43
hiking-opt14-strips-ptesting-1-2-3,0,5
hiking-opt14-strips-ptesting-1-2-4,0,7
hiking-opt14-strips-ptesting-1-2-5,0,9
hiking-opt14-strips-ptesting-1-2-7,0,13
hiking-opt14-strips-ptesting-1-2-8,0,15
hiking-opt14-strips-ptesting-2-2-3,0,7
hiking-opt14-strips-ptesting-2-2-4,0,10
hiking-opt14-strips-ptesting-2-2-5,0,13
hiking-opt14-strips-ptesting-2-2-6,0,16
hiking-opt14-strips-ptesting-2-2-7,0,19
hiking-opt14-strips-ptesting-2-2-8,0,22
hiking-opt14-strips-ptesting-2-3-4,0,10
hiking-opt14-strips-ptesting-2-3-5,0,13
hiking-opt14-strips-ptesting-2-3-6,0,16
hiking-opt14-strips-ptesting-2-3-7,0,19
hiking-opt14-strips-ptesting-2-4-3,0,7
hiking-opt14-strips-ptesting-2-4-4,0,10
hiking-opt14-strips-ptesting-2-4-5,0,13
hiking-opt14-strips-ptesting-2-4-6,0,16
hiking-opt14-strips-ptesting-2-4-7,0,19
hiking-sat14-strips-ptesting-1-2-7,0,13
hiking-sat14-strips-ptesting-1-2-8,0,15
hiking-sat14-strips-ptesting-2-2-6,0,16
hiking-sat14-strips-ptesting-2-2-7,0,19
hiking-sat14-strips-ptesting-2-2-8,0,22
hiking-sat14-strips-ptesting-2-3-6,0,16
hiking-sat14-strips-ptesting-2-3-7,0,19
hiking-sat14-strips-ptesting-2-3-8,0,22
hiking-sat14-strips-ptesting-2-4-5,0,13
hiking-sat14-strips-ptesting-2-4-6,0,16
hiking-sat14-strips-ptesting-2-4-7,0,19
hiking-sat14-strips-ptesting-2-4-8,0,22
hiking-sat14-strips-ptesting-3-3-5,0,17
hiking-sat14-strips-ptesting-3-3-6,0,21
hiking-sat14-strips-ptesting-3-3-7,0,25
hiking-sat14-strips-ptesting-3-3-8,0,29
hiking-sat14-strips-ptesting-3-4-5,0,17
hiking-sat14-strips-ptesting-3-4-6,0,21
hiking-sat14-strips-ptesting-3-4-7,0,25
hiking-sat14-strips-ptesting-3-4-8,0,29
logistics00-probLOGISTICS-10-0,0,41
logistics00-probLOGISTICS-10-1,0,39
logistics00-probLOGISTICS-11-0,0,45
logistics00-probLOGISTICS-11-1,0,55
logistics00-probLOGISTICS-12-0,0,39
logistics00-probLOGISTICS-12-1,0,63
logistics00-probLOGISTICS-13-0,0,67
logistics00-probLOGISTICS-13-1,0,57
logistics00-probLOGISTICS-14-0,0,55
logistics00-probLOGISTICS-14-1,0,67
logistics00-probLOGISTICS-15-0,0,71
logistics00-probLOGISTICS-15-1,0,63
logistics00-probLOGISTICS-4-0,0,19
logistics00-probLOGISTICS-4-1,0,17
logistics00-probLOGISTICS-4-2,0,13
logistics00-probLOGISTICS-5-0,0,25
logistics00-probLOGISTICS-5-1,0,15
logistics00-probLOGISTICS-5-2,0,8
logistics00-probLOGISTICS-6-0,0,23
logistics00-probLOGISTICS-6-1,0,13
logistics00-probLOGISTICS-6-2,0,23
logistics00-probLOGISTICS-6-9,0,21
logistics00-probLOGISTICS-7-0,0,33
logistics00-probLOGISTICS-7-1,0,39
logistics00-probLOGISTICS-8-0,0,29
logistics00-probLOGISTICS-8-1,0,41
logistics00-probLOGISTICS-9-0,0,33
logistics00-probLOGISTICS-9-1,0,29
logistics98-prob01,0,24
logistics98-prob02,0,28
logistics98-prob03,0,50
logistics98-prob04,0,53
logistics98-prob05,0,22
logistics98-prob06,0,65
logistics98-prob07,0,29
logistics98-prob08,0,37
logistics98-prob09,0,75
logistics98-prob10,0,93
logistics98-prob11,0,27
logistics98-prob12,0,37
logistics98-prob13,0,65
logistics98-prob14,0,80
logistics98-prob15,0,82
logistics98-prob16,0,52
logistics98-prob17,0,42
logistics98-prob18,0,152
logistics98-prob19,0,130
logistics98-prob20,0,128
logistics98-prob21,0,95
logistics98-prob22,2,252
logistics98-prob23,0,99
logistics98-prob24,0,39
logistics98-prob25,0,177
logistics98-prob26,0,175
logistics98-prob27,0,135
logistics98-prob28,0,243
logistics98-prob29,2,274
logistics98-prob30,0,124
logistics98-prob31,0,12
logistics98-prob32,0,18
logistics98-prob33,0,25
logistics98-prob34,0,42
logistics98-prob35,0,29
miconic-s1-0,0,3
miconic-s1-1,0,3
miconic-s1-2,0,3
miconic-s1-3,0,3
miconic-s1-4,0,3
miconic-s10-0,0,33
miconic-s10-1,0,32
miconic-s10-2,0,31
miconic-s10-3,0,34
miconic-s10-4,0,32
miconic-s11-0,0,36
miconic-s11-1,0,34
miconic-s11-2,0,37
miconic-s11-3,0,37
miconic-s11-4,0,34
miconic-s12-0,0,40
miconic-s12-1,0,40
miconic-s12-2,0,39
miconic-s12-3,0,38
miconic-s12-4,0,41
miconic-s13-0,0,43
miconic-s13-1,0,41
miconic-s13-2,0,46
miconic-s13-3,0,43
miconic-s13-4,0,41
miconic-s14-0,0,45
miconic-s14-1,0,47
miconic-s14-2,0,49
miconic-s14-3,0,42
miconic-s14-4,0,45
miconic-s15-0,0,46
miconic-s15-1,0,49
miconic-s15-2,0,49
miconic-s15-3,0,50
miconic-s15-4,0,46
miconic-s16-0,0,53
miconic-s16-1,0,52
miconic-s16-2,0,54
miconic-s16-3,0,51
miconic-s16-4,0,53
miconic-s17-0,0,55
miconic-s17-1,0,54
miconic-s17-2,0,54
miconic-s17-3,0,59
miconic-s17-4,0,54
miconic-s18-0,0,59
miconic-s18-1,0,58
miconic-s18-2,0,58
miconic-s18-3,0,59
miconic-s18-4,0,56
miconic-s19-0,0,62
miconic-s19-1,0,65
miconic-s19-2,0,61
miconic-s19-3,0,63
miconic-s19-4,0,62
miconic-s2-0,0,7
miconic-s2-1,0,6
miconic-s2-2,0,6
miconic-s2-3,0,7
miconic-s2-4,0,6
miconic-s20-0,0,63
miconic-s20-1,0,66
miconic-s20-2,0,62
miconic-s20-3,0,63
miconic-s20-4,0,64
miconic-s21-0,0,69
miconic-s21-1,0,69
miconic-s21-2,0,69
miconic-s21-3,0,66
miconic-s21-4,0,70
miconic-s22-0,0,72
miconic-s22-1,0,70
miconic-s22-2,0,71
miconic-s22-3,0,75
miconic-s22-4,0,71
miconic-s23-0,0,75
miconic-s23-1,0,74
miconic-s23-2,0,73
miconic-s23-3,0,71
miconic-s23-4,0,74
miconic-s24-0,0,79
miconic-s24-1,0,78
miconic-s24-2,0,77
miconic-s24-3,0,79
miconic-s24-4,0,77
miconic-s25-0,0,81
miconic-s25-1,0,85
miconic-s25-2,0,78
miconic-s25-3,0,84
miconic-s25-4,0,82
miconic-s26-0,0,83
miconic-s26-1,0,83
miconic-s26-2,0,90
miconic-s26-3,0,88
miconic-s26-4,0,82
miconic-s27-0,0,87
miconic-s27-1,0,91
miconic-s27-2,0,87
miconic-s27-3,0,89
miconic-s27-4,0,88
miconic-s28-0,0,94
miconic-s28-1,0,92
miconic-s28-2,0,93
miconic-s28-3,0,87
miconic-s28-4,0,92
miconic-s29-0,0,94
miconic-s29-1,0,91
miconic-s29-2,0,95
miconic-s29-3,0,96
miconic-s29-4,0,99
miconic-s3-0,0,10
miconic-s3-1,0,10
miconic-s3-2,0,9
miconic-s3-3,0,9
miconic-s3-4,0,9
miconic-s30-0,0,95
miconic-s30-1,0,98
miconic-s30-2,0,96
miconic-s30-3,0,100
miconic-s30-4,0,99
miconic-s4-0,0,14
miconic-s4-1,0,13
miconic-s4-2,0,14
miconic-s4-3,0,14
miconic-s4-4,0,15
miconic-s5-0,0,17
miconic-s5-1,0,16
miconic-s5-2,0,14
miconic-s5-3,0,17
miconic-s5-4,0,17
miconic-s6-0,0,18
miconic-s6-1,0,19
miconic-s6-2,0,19
miconic-s6-3,0,18
miconic-s6-4,0,20
miconic-s7-0,0,23
miconic-s7-1,0,24
miconic-s7-2,0,22
miconic-s7-3,0,22
miconic-s7-4,0,25
miconic-s8-0,0,27
miconic-s8-1,0,26
miconic-s8-2,0,25
miconic-s8-3,0,27
miconic-s8-4,0,26
miconic-s9-0,0,30
miconic-s9-1,0,29
miconic-s9-2,0,29
miconic-s9-3,0,31
miconic-s9-4,0,27
movie-prob01,0,7
movie-prob02,0,7
movie-prob03,0,7
movie-prob04,0,7
movie-prob05,0,7
movie-prob06,0,7
movie-prob07,0,7
movie-prob08,0,7
movie-prob09,0,7
movie-prob10,0,7
movie-prob11,0,7
movie-prob12,0,7
movie-prob13,0,7
movie-prob14,0,7
movie-prob15,0,7
movie-prob16,0,7
movie-prob17,0,7
movie-prob18,0,7
movie-prob19,0,7
movie-prob20,0,7
movie-prob21,0,7
movie-prob22,0,7
movie-prob23,0,7
movie-prob24,0,7
movie-prob25,0,7
movie-prob26,0,7
movie-prob27,0,7
movie-prob28,0,7
movie-prob29,0,7
movie-prob30,0,7
mprime-prob01,0,5
mprime-prob02,0,7
mprime-prob03,0,4
mprime-prob04,0,7
mprime-prob05,0,8
mprime-prob06,0,11
mprime-prob07,0,5
mprime-prob08,0,5
mprime-prob09,0,8
mprime-prob10,0,7
mprime-prob11,0,7
mprime-prob12,0,5
mprime-prob13,0,11
mprime-prob14,0,9
mprime-prob15,0,6
mprime-prob16,0,5
mprime-prob17,0,4
mprime-prob18,2,14
mprime-prob19,0,5
mprime-prob20,0,7
mprime-prob21,0,4
mprime-prob22,2,9
mprime-prob23,0,8
mprime-prob24,0,6
mprime-prob25,0,4
mprime-prob26,0,6
mprime-prob27,0,5
mprime-prob28,0,7
mprime-prob29,0,4
mprime-prob30,0,8
mprime-prob31,0,4
mprime-prob32,0,5
mprime-prob33,0,8
mprime-prob34,0,4
mprime-prob35,0,4
mystery-prob01,0,5
mystery-prob02,0,7
mystery-prob03,0,4
mystery-prob04,0,7
mystery-prob05,0,8
mystery-prob06,0,11
mystery-prob08,0,5
mystery-prob09,0,8
mystery-prob10,0,7
mystery-prob11,0,7
mystery-prob12,0,5
mystery-prob13,0,11
mystery-prob14,0,9
mystery-prob15,0,6
mystery-prob16,0,5
mystery-prob17,0,4
mystery-prob19,0,5
mystery-prob20,0,7
mystery-prob21,0,4
mystery-prob22,0,10
mystery-prob23,0,11
mystery-prob24,0,10
mystery-prob25,0,4
mystery-prob26,0,6
mystery-prob27,0,5
mystery-prob28,0,7
mystery-prob29,0,4
mystery-prob30,0,8
nomystery-opt11-strips-p01,0,9
nomystery-opt11-strips-p02,0,11
nomystery-opt11-strips-p03,0,13
nomystery-opt11-strips-p04,0,16
nomystery-opt11-strips-p05,0,20
nomystery-opt11-strips-p06,0,23
nomystery-opt11-strips-p07,0,27
nomystery-opt11-strips-p08,0,29
nomystery-opt11-strips-p09,0,31
nomystery-opt11-strips-p10,0,33
nomystery-opt11-strips-p11,0,9
nomystery-opt11-strips-p12,0,11
nomystery-opt11-strips-p13,0,13
nomystery-opt11-strips-p14,0,16
nomystery-opt11-strips-p15,0,20
nomystery-opt11-strips-p16,0,23
nomystery-opt11-strips-p17,0,27
nomystery-opt11-strips-p18,0,29
nomystery-opt11-strips-p19,0,31
nomystery-opt11-strips-p20,0,33
nomystery-sat11-strips-p01,0,16
nomystery-sat11-strips-p02,0,18
nomystery-sat11-strips-p03,0,22
nomystery-sat11-strips-p04,0,25
nomystery-sat11-strips-p05,0,29
nomystery-sat11-strips-p06,0,31
nomystery-sat11-strips-p07,0,33
nomystery-sat11-strips-p08,0,35
nomystery-sat11-strips-p09,0,40
nomystery-sat11-strips-p10,0,41
nomystery-sat11-strips-p11,0,16
nomystery-sat11-strips-p12,0,18
nomystery-sat11-strips-p13,0,22
nomystery-sat11-strips-p14,0,25
nomystery-sat11-strips-p15,0,29
nomystery-sat11-strips-p16,0,31
nomystery-sat11-strips-p17,0,33
nomystery-sat11-strips-p18,0,35
nomystery-sat11-strips-p19,0,40
nomystery-sat11-strips-p20,0,41
openstacks-opt08-strips-p01,0,1
openstacks-opt08-strips-p02,0,1
openstacks-opt08-strips-p03,0,1
openstacks-opt08-strips-p04,0,1
openstacks-opt08-strips-p05,0,1
openstacks-opt08-strips-p06,0,1
openstacks-opt08-strips-p07,0,1
openstacks-opt08-strips-p08,0,1
openstacks-opt08-strips-p09,0,1
openstacks-opt08-strips-p10,0,1
openstacks-opt08-strips-p11,0,1
openstacks-opt08-strips-p12,0,1
openstacks-opt08-strips-p13,0,1
openstacks-opt08-strips-p14,0,1
openstacks-opt08-strips-p15,0,1
openstacks-opt08-strips-p16,0,1
openstacks-opt08-strips-p17,0,1
openstacks-opt08-strips-p18,0,1
openstacks-opt08-strips-p19,0,1
openstacks-opt08-strips-p20,0,1
openstacks-opt08-strips-p21,0,1
openstacks-opt08-strips-p22,0,1
openstacks-opt08-strips-p23,0,1
openstacks-opt08-strips-p24,0,1
openstacks-opt08-strips-p25,0,1
openstacks-opt08-strips-p26,0,1
openstacks-opt08-strips-p27,0,1
openstacks-opt08-strips-p28,0,1
openstacks-opt08-strips-p29,0,1
openstacks-opt08-strips-p30,0,1
openstacks-opt11-strips-p01,0,1
openstacks-opt11-strips-p02,0,1
openstacks-opt11-strips-p03,0,1
openstacks-opt11-strips-p04,0,1
openstacks-opt11-strips-p05,0,1
openstacks-opt11-strips-p06,0,1
openstacks-opt11-strips-p07,0,1
openstacks-opt11-strips-p08,0,1
openstacks-opt11-strips-p09,0,1
openstacks-opt11-strips-p10,0,1
openstacks-opt11-strips-p11,0,1
openstacks-opt11-strips-p12,0,1
openstacks-opt11-strips-p13,0,1
openstacks-opt11-strips-p14,0,1
openstacks-opt11-strips-p15,0,1
openstacks-opt11-strips-p16,0,1
openstacks-opt11-strips-p17,0,1
openstacks-opt11-strips-p18,0,1
openstacks-opt11-strips-p19,0,1
openstacks-opt11-strips-p20,0,1
openstacks-opt14-strips-p20_1,0,1
openstacks-opt14-strips-p20_2,0,1
openstacks-opt14-strips-p20_3,0,1
openstacks-opt14-strips-p25_1,0,1
openstacks-opt14-strips-p25_3,0,1
openstacks-opt14-strips-p30_1,0,1
openstacks-opt14-strips-p30_2,0,1
openstacks-opt14-strips-p30_3,0,1
openstacks-opt14-strips-p35_1,0,1
openstacks-opt14-strips-p35_2,0,1
openstacks-opt14-strips-p35_3,0,1
openstacks-opt14-strips-p40_1,0,1
openstacks-opt14-strips-p40_2,0,1
openstacks-opt14-strips-p40_3,0,1
openstacks-opt14-strips-p45_1,0,1
openstacks-opt14-strips-p45_2,0,1
openstacks-opt14-strips-p45_3,0,1
openstacks-opt14-strips-p50_1,0,1
openstacks-opt14-strips-p50_2,0,1
openstacks-opt14-strips-p50_3,0,1
openstacks-sat08-strips-p01,0,1
openstacks-sat08-strips-p02,0,1
openstacks-sat08-strips-p03,0,1
openstacks-sat08-strips-p04,0,1
openstacks-sat08-strips-p05,0,1
openstacks-sat08-strips-p06,0,1
openstacks-sat08-strips-p07,0,1
openstacks-sat08-strips-p08,0,1
openstacks-sat08-strips-p09,0,1
openstacks-sat08-strips-p10,0,1
openstacks-sat08-strips-p11,0,1
openstacks-sat08-strips-p12,0,1
openstacks-sat08-strips-p13,0,1
openstacks-sat08-strips-p14,0,1
openstacks-sat08-strips-p15,0,1
openstacks-sat08-strips-p16,0,1
openstacks-sat08-strips-p17,0,1
openstacks-sat08-strips-p18,0,1
openstacks-sat08-strips-p19,0,1
openstacks-sat08-strips-p20,0,1
openstacks-sat08-strips-p21,0,1
openstacks-sat08-strips-p22,0,1
openstacks-sat08-strips-p23,0,1
openstacks-sat08-strips-p24,0,1
openstacks-sat08-strips-p25,0,1
openstacks-sat08-strips-p26,0,1
openstacks-sat08-strips-p27,0,1
openstacks-sat08-strips-p28,0,1
openstacks-sat08-strips-p29,0,1
openstacks-sat08-strips-p30,0,1
openstacks-sat11-strips-p01,0,1
openstacks-sat11-strips-p02,0,1
openstacks-sat11-strips-p03,0,1
openstacks-sat11-strips-p04,0,1
openstacks-sat11-strips-p05,0,1
openstacks-sat11-strips-p06,0,1
openstacks-sat11-strips-p07,0,1
openstacks-sat11-strips-p08,0,1
openstacks-sat11-strips-p09,0,1
openstacks-sat11-strips-p10,0,1
openstacks-sat11-strips-p11,0,1
openstacks-sat11-strips-p12,0,1
openstacks-sat11-strips-p13,0,1
openstacks-sat11-strips-p14,0,1
openstacks-sat11-strips-p15,0,1
openstacks-sat11-strips-p16,0,1
openstacks-sat11-strips-p17,0,1
openstacks-sat11-strips-p18,0,1
openstacks-sat11-strips-p19,0,1
openstacks-sat11-strips-p20,0,1
openstacks-sat14-strips-p170_2,0,1
openstacks-sat14-strips-p170_3,0,1
openstacks-sat14-strips-p190_1,0,1
openstacks-sat14-strips-p190_2,0,1
openstacks-sat14-strips-p190_3,0,1
openstacks-sat14-strips-p210_1,0,1
openstacks-sat14-strips-p210_2,0,1
openstacks-sat14-strips-p210_3,0,1
openstacks-sat14-strips-p230_1,0,1
openstacks-sat14-strips-p230_2,0,1
openstacks-sat14-strips-p230_3,0,1
openstacks-sat14-strips-p250_1,0,1
openstacks-sat14-strips-p250_2,0,1
openstacks-sat14-strips-p250_3,0,1
openstacks-sat14-strips-p270_1,0,1
openstacks-sat14-strips-p270_2,0,1
openstacks-sat14-strips-p270_3,0,1
openstacks-sat14-strips-p290_1,0,1
openstacks-sat14-strips-p290_2,0,1
openstacks-sat14-strips-p290_3,0,1
openstacks-strips-p01,0,21
openstacks-strips-p02,0,21
openstacks-strips-p03,0,21
openstacks-strips-p04,0,21
openstacks-strips-p05,0,21
openstacks-strips-p06,0,41
openstacks-strips-p07,0,41
openstacks-strips-p08,0,81
openstacks-strips-p09,0,81
openstacks-strips-p10,0,81
openstacks-strips-p11,0,81
openstacks-strips-p12,0,81
openstacks-strips-p13,0,81
openstacks-strips-p14,0,81
openstacks-strips-p15,0,81
openstacks-strips-p16,0,81
openstacks-strips-p17,0,101
openstacks-strips-p18,0,169
openstacks-strips-p19,0,101
openstacks-strips-p20,0,121
openstacks-strips-p21,0,121
openstacks-strips-p22,0,121
openstacks-strips-p23,0,121
openstacks-strips-p24,0,201
openstacks-strips-p25,0,201
openstacks-strips-p26,0,201
openstacks-strips-p27,0,301
openstacks-strips-p28,0,401
openstacks-strips-p29,0,401
openstacks-strips-p30,0,401
organic-synthesis-opt18-strips-p01,0,1
organic-synthesis-opt18-strips-p02,0,1
organic-synthesis-opt18-strips-p03,0,2
organic-synthesis-opt18-strips-p07,0,2
organic-synthesis-opt18-strips-p09,0,2
organic-synthesis-opt18-strips-p10,0,2
organic-synthesis-opt18-strips-p11,0,2
organic-synthesis-opt18-strips-p12,0,2
organic-synthesis-opt18-strips-p14,0,2
organic-synthesis-sat18-strips-p06,0,2
organic-synthesis-sat18-strips-p07,0,2
organic-synthesis-sat18-strips-p16,0,6
organic-synthesis-split-opt18-strips-p01,0,41
organic-synthesis-split-opt18-strips-p02,0,41
organic-synthesis-split-opt18-strips-p03,0,247
organic-synthesis-split-opt18-strips-p04,0,239
organic-synthesis-split-opt18-strips-p05,0,122
organic-synthesis-split-opt18-strips-p06,0,247
organic-synthesis-split-opt18-strips-p07,0,189
organic-synthesis-split-opt18-strips-p08,0,234
organic-synthesis-split-opt18-strips-p09,0,47
organic-synthesis-split-opt18-strips-p10,0,47
organic-synthesis-split-opt18-strips-p11,0,73
organic-synthesis-split-opt18-strips-p12,0,39
organic-synthesis-split-opt18-strips-p13,2,282
organic-synthesis-split-opt18-strips-p14,0,55
organic-synthesis-split-opt18-strips-p15,2,505
organic-synthesis-split-opt18-strips-p16,0,103
organic-synthesis-split-opt18-strips-p17,2,479
organic-synthesis-split-opt18-strips-p18,2,637
organic-synthesis-split-opt18-strips-p19,2,161
organic-synthesis-split-opt18-strips-p20,2,448
organic-synthesis-split-sat18-strips-p01,0,216
organic-synthesis-split-sat18-strips-p02,0,247
organic-synthesis-split-sat18-strips-p03,0,246
organic-synthesis-split-sat18-strips-p04,0,158
organic-synthesis-split-sat18-strips-p05,2,228
organic-synthesis-split-sat18-strips-p06,0,45
organic-synthesis-split-sat18-strips-p07,0,48
organic-synthesis-split-sat18-strips-p08,0,108
organic-synthesis-split-sat18-strips-p09,2,238
organic-synthesis-split-sat18-strips-p10,2,304
organic-synthesis-split-sat18-strips-p11,2,362
organic-synthesis-split-sat18-strips-p15,0,273
organic-synthesis-split-sat18-strips-p16,0,540
organic-synthesis-split-sat18-strips-p18,2,803
parcprinter-08-strips-p01,0,169009
parcprinter-08-strips-p02,0,438047
parcprinter-08-strips-p03,0,807114
parcprinter-08-strips-p04,0,876094
parcprinter-08-strips-p05,0,1145132
parcprinter-08-strips-p06,0,1514199
parcprinter-08-strips-p07,0,1383121
parcprinter-08-strips-p08,0,1852217
parcprinter-08-strips-p09,0,2121255
parcprinter-08-strips-p10,0,2490322
parcprinter-08-strips-p11,0,165989
parcprinter-08-strips-p12,0,425725
parcprinter-08-strips-p13,0,591714
parcprinter-08-strips-p14,0,851450
parcprinter-08-strips-p15,0,1323035
parcprinter-08-strips-p16,0,1370922
parcprinter-08-strips-p17,0,1443164
parcprinter-08-strips-p18,0,1890394
parcprinter-08-strips-p19,0,2579475
parcprinter-08-strips-p20,0,2246727
parcprinter-08-strips-p21,0,143411
parcprinter-08-strips-p22,0,375821
parcprinter-08-strips-p23,0,519232
parcprinter-08-strips-p24,0,751642
parcprinter-08-strips-p25,0,1196842
parcprinter-08-strips-p26,0,1216462
parcprinter-08-strips-p27,0,1270874
parcprinter-08-strips-p28,0,1681282
parcprinter-08-strips-p29,0,2343271
parcprinter-08-strips-p30,0,2002896
parcprinter-opt11-strips-p01,0,375821
parcprinter-opt11-strips-p02,0,438047
parcprinter-opt11-strips-p03,0,425725
parcprinter-opt11-strips-p04,0,876094
parcprinter-opt11-strips-p05,0,519232
parcprinter-opt11-strips-p06,0,1514199
parcprinter-opt11-strips-p07,0,1145132
parcprinter-opt11-strips-p08,0,751642
parcprinter-opt11-strips-p09,0,591714
parcprinter-opt11-strips-p10,0,1196842
parcprinter-opt11-strips-p11,0,1216462
parcprinter-opt11-strips-p12,0,851450
parcprinter-opt11-strips-p13,0,1383121
parcprinter-opt11-strips-p14,0,1852217
parcprinter-opt11-strips-p15,0,2121255
parcprinter-opt11-strips-p16,0,2490322
parcprinter-opt11-strips-p17,0,1323035
parcprinter-opt11-strips-p18,0,1370922
parcprinter-opt11-strips-p19,0,1443164
parcprinter-opt11-strips-p20,0,1270874
parcprinter-sat11-strips-p01,0,1383121
parcprinter-sat11-strips-p02,0,1852217
parcprinter-sat11-strips-p03,0,2490322
parcprinter-sat11-strips-p04,0,2246727
parcprinter-sat11-strips-p05,0,1216462
parcprinter-sat11-strips-p06,0,1270874
parcprinter-sat11-strips-p07,0,2121255
parcprinter-sat11-strips-p08,0,1681282
parcprinter-sat11-strips-p09,0,2343271
parcprinter-sat11-strips-p10,0,2002896
parcprinter-sat11-strips-p11,0,1629147
parcprinter-sat11-strips-p12,0,2828340
parcprinter-sat11-strips-p13,0,3335367
parcprinter-sat11-strips-p14,0,2578705
parcprinter-sat11-strips-p15,0,2494225
parcprinter-sat11-strips-p16,0,2826203
parcprinter-sat11-strips-p17,0,1526454
parcprinter-sat11-strips-p18,0,2319652
parcprinter-sat11-strips-p19,0,2981641
parcprinter-sat11-strips-p20,0,2289718
parking-opt11-strips-pfile03-011,0,10
parking-opt11-strips-pfile03-012,0,14
parking-opt11-strips-pfile04-013,0,17
parking-opt11-strips-pfile04-014,0,16
parking-opt11-strips-pfile04-015,0,15
parking-opt11-strips-pfile04-016,0,16
parking-opt11-strips-pfile05-017,0,19
parking-opt11-strips-pfile05-018,0,17
parking-opt11-strips-pfile05-019,0,19
parking-opt11-strips-pfile05-020,0,19
parking-opt11-strips-pfile06-021,0,21
parking-opt11-strips-pfile06-022,0,23
parking-opt11-strips-pfile06-023,0,21
parking-opt11-strips-pfile06-024,0,21
parking-opt11-strips-pfile07-025,0,23
parking-opt11-strips-pfile07-026,0,21
parking-opt11-strips-pfile07-027,0,23
parking-opt11-strips-pfile07-028,0,24
parking-opt11-strips-pfile08-029,0,25
parking-opt11-strips-pfile08-030,0,25
parking-opt14-strips-p_12_7-01,0,13
parking-opt14-strips-p_12_7-02,0,12
parking-opt14-strips-p_12_7-03,0,13
parking-opt14-strips-p_12_7-04,0,14
parking-opt14-strips-p_14_8-01,0,16
parking-opt14-strips-p_14_8-02,0,16
parking-opt14-strips-p_14_8-03,0,16
parking-opt14-strips-p_14_8-04,0,16
parking-opt14-strips-p_16_9-01,0,19
parking-opt14-strips-p_16_9-02,0,17
parking-opt14-strips-p_16_9-03,0,17
parking-opt14-strips-p_16_9-04,0,18
parking-opt14-strips-p_18_10-01,0,23
parking-opt14-strips-p_18_10-02,0,20
parking-opt14-strips-p_18_10-03,0,19
parking-opt14-strips-p_18_10-04,0,21
parking-opt14-strips-p_20_11-01,0,22
parking-opt14-strips-p_20_11-02,0,21
parking-opt14-strips-p_20_11-03,0,23
parking-opt14-strips-p_20_11-04,0,23
parking-sat11-strips-pfile08-031,0,24
parking-sat11-strips-pfile08-032,0,25
parking-sat11-strips-pfile09-033,0,27
parking-sat11-strips-pfile09-034,0,27
parking-sat11-strips-pfile09-035,0,27
parking-sat11-strips-pfile09-036,0,26
parking-sat11-strips-pfile10-037,0,29
parking-sat11-strips-pfile10-038,0,29
parking-sat11-strips-pfile10-039,0,28
parking-sat11-strips-pfile10-040,0,28
parking-sat11-strips-pfile11-041,0,32
parking-sat11-strips-pfile11-042,0,31
parking-sat11-strips-pfile11-043,0,32
parking-sat11-strips-pfile11-044,0,29
parking-sat11-strips-pfile12-045,0,35
parking-sat11-strips-pfile12-046,0,35
parking-sat11-strips-pfile12-047,0,36
parking-sat11-strips-pfile12-048,0,37
parking-sat11-strips-pfile13-049,0,35
parking-sat11-strips-pfile13-050,0,36
parking-sat14-strips-p_28_2,0,32
parking-sat14-strips-p_28_3,0,30
parking-sat14-strips-p_30_1,0,34
parking-sat14-strips-p_30_2,0,33
parking-sat14-strips-p_30_3,0,34
parking-sat14-strips-p_32_1,0,34
parking-sat14-strips-p_32_2,0,37
parking-sat14-strips-p_32_3,0,36
parking-sat14-strips-p_34_1,0,38
parking-sat14-strips-p_34_2,0,38
parking-sat14-strips-p_34_3,0,38
parking-sat14-strips-p_36_1,0,40
parking-sat14-strips-p_36_2,0,41
parking-sat14-strips-p_36_3,0,39
parking-sat14-strips-p_38_1,0,41
parking-sat14-strips-p_38_2,0,42
parking-sat14-strips-p_38_3,0,41
parking-sat14-strips-p_40_1,0,44
parking-sat14-strips-p_40_2,0,42
parking-sat14-strips-p_40_3,0,45
pathways-p01,0,6
pathways-p02,0,12
pathways-p03,0,16
pathways-p04,0,15
pathways-p05,0,29
pathways-p06,0,46
pathways-p07,0,46
pathways-p08,0,66
pathways-p09,0,50
pathways-p10,0,58
pathways-p11,0,54
pathways-p12,0,80
pathways-p13,0,75
pathways-p14,0,76
pathways-p15,0,78
pathways-p16,0,89
pathways-p17,0,97
pathways-p18,0,98
pathways-p19,0,106
pathways-p20,0,102
pathways-p21,0,106
pathways-p22,0,106
pathways-p23,0,112
pathways-p24,0,117
pathways-p25,0,127
pathways-p26,0,129
pathways-p27,0,127
pathways-p28,0,127
pathways-p29,0,141
pathways-p30,0,131
pegsol-08-strips-p01,0,2
pegsol-08-strips-p02,0,2
pegsol-08-strips-p03,0,1
pegsol-08-strips-p04,0,3
pegsol-08-strips-p05,0,2
pegsol-08-strips-p06,0,3
pegsol-08-strips-p07,0,3
pegsol-08-strips-p08,0,3
pegsol-08-strips-p09,0,3
pegsol-08-strips-p10,0,3
pegsol-08-strips-p11,0,3
pegsol-08-strips-p12,0,3
pegsol-08-strips-p13,0,4
pegsol-08-strips-p14,0,4
pegsol-08-strips-p15,0,4
pegsol-08-strips-p16,0,6
pegsol-08-strips-p17,0,4
pegsol-08-strips-p18,0,5
pegsol-08-strips-p19,0,5
pegsol-08-strips-p20,0,3
pegsol-08-strips-p21,0,5
pegsol-08-strips-p22,0,4
pegsol-08-strips-p23,0,5
pegsol-08-strips-p24,0,5
pegsol-08-strips-p25,0,4
pegsol-08-strips-p26,0,5
pegsol-08-strips-p27,0,5
pegsol-08-strips-p28,0,9
pegsol-08-strips-p29,0,8
pegsol-08-strips-p30,0,13
pegsol-opt11-strips-p01,0,2
pegsol-opt11-strips-p02,0,4
pegsol-opt11-strips-p03,0,5
pegsol-opt11-strips-p04,0,5
pegsol-opt11-strips-p05,0,7
pegsol-opt11-strips-p06,0,5
pegsol-opt11-strips-p07,0,4
pegsol-opt11-strips-p08,0,3
pegsol-opt11-strips-p09,0,4
pegsol-opt11-strips-p10,0,5
pegsol-opt11-strips-p11,0,4
pegsol-opt11-strips-p12,0,6
pegsol-opt11-strips-p13,0,5
pegsol-opt11-strips-p14,0,5
pegsol-opt11-strips-p15,0,4
pegsol-opt11-strips-p16,0,5
pegsol-opt11-strips-p17,0,5
pegsol-opt11-strips-p18,0,9
pegsol-opt11-strips-p19,0,8
pegsol-opt11-strips-p20,0,13
pegsol-sat11-strips-p01,0,4
pegsol-sat11-strips-p02,0,5
pegsol-sat11-strips-p03,0,5
pegsol-sat11-strips-p04,0,7
pegsol-sat11-strips-p05,0,5
pegsol-sat11-strips-p06,0,4
pegsol-sat11-strips-p07,0,4
pegsol-sat11-strips-p08,0,6
pegsol-sat11-strips-p09,0,5
pegsol-sat11-strips-p10,0,3
pegsol-sat11-strips-p11,0,5
pegsol-sat11-strips-p12,0,5
pegsol-sat11-strips-p13,0,4
pegsol-sat11-strips-p14,0,4
pegsol-sat11-strips-p15,0,4
pegsol-sat11-strips-p16,0,5
pegsol-sat11-strips-p17,0,5
pegsol-sat11-strips-p18,0,9
pegsol-sat11-strips-p19,0,8
pegsol-sat11-strips-p20,0,13
petri-net-alignment-opt18-strips-p01,0,7
petri-net-alignment-opt18-strips-p02,0,18
petri-net-alignment-opt18-strips-p03,0,33
petri-net-alignment-opt18-strips-p04,0,47
petri-net-alignment-opt18-strips-p05,0,42
petri-net-alignment-opt18-strips-p06,0,63
petri-net-alignment-opt18-strips-p07,0,57
petri-net-alignment-opt18-strips-p08,0,71
petri-net-alignment-opt18-strips-p09,0,59
petri-net-alignment-opt18-strips-p10,0,89
petri-net-alignment-opt18-strips-p11,0,65
petri-net-alignment-opt18-strips-p12,0,86
petri-net-alignment-opt18-strips-p13,0,84
petri-net-alignment-opt18-strips-p14,0,75
petri-net-alignment-opt18-strips-p15,0,83
petri-net-alignment-opt18-strips-p16,0,74
petri-net-alignment-opt18-strips-p17,0,86
petri-net-alignment-opt18-strips-p18,0,77
petri-net-alignment-opt18-strips-p19,0,63
petri-net-alignment-opt18-strips-p20,0,84
pipesworld-notankage-p01-net1-b6-g2,0,5
pipesworld-notankage-p02-net1-b6-g4,0,7
pipesworld-notankage-p03-net1-b8-g3,0,7
pipesworld-notankage-p04-net1-b8-g5,0,7
pipesworld-notankage-p05-net1-b10-g4,0,7
pipesworld-notankage-p06-net1-b10-g6,0,9
pipesworld-notankage-p07-net1-b12-g5,0,8
pipesworld-notankage-p08-net1-b12-g7,0,10
pipesworld-notankage-p09-net1-b14-g6,0,13
pipesworld-notankage-p10-net1-b14-g8,0,17
pipesworld-notankage-p11-net2-b10-g2,0,11
pipesworld-notankage-p12-net2-b10-g4,0,13
pipesworld-notankage-p13-net2-b12-g3,0,12
pipesworld-notankage-p14-net2-b12-g5,0,18
pipesworld-notankage-p15-net2-b14-g4,0,14
pipesworld-notankage-p16-net2-b14-g6,0,19
pipesworld-notankage-p17-net2-b16-g5,0,12
pipesworld-notankage-p18-net2-b16-g7,0,18
pipesworld-notankage-p19-net2-b18-g6,0,20
pipesworld-notankage-p20-net2-b18-g8,0,23
pipesworld-notankage-p21-net3-b12-g2,0,9
pipesworld-notankage-p22-net3-b12-g4,0,19
pipesworld-notankage-p23-net3-b14-g3,0,14
pipesworld-notankage-p24-net3-b14-g5,0,18
pipesworld-notankage-p25-net3-b16-g5,0,20
pipesworld-notankage-p26-net3-b16-g7,0,24
pipesworld-notankage-p27-net3-b18-g6,0,19
pipesworld-notankage-p28-net3-b18-g7,0,25
pipesworld-notankage-p29-net3-b20-g6,0,21
pipesworld-notankage-p30-net3-b20-g8,0,30
pipesworld-notankage-p31-net4-b14-g3,2,18
pipesworld-notankage-p32-net4-b14-g5,2,20
pipesworld-notankage-p33-net4-b16-g5,0,18
pipesworld-notankage-p34-net4-b16-g6,2,24
pipesworld-notankage-p35-net4-b18-g4,2,16
pipesworld-notankage-p36-net4-b18-g6,0,18
pipesworld-notankage-p37-net4-b20-g5,0,14
pipesworld-notankage-p38-net4-b20-g7,2,18
pipesworld-notankage-p39-net4-b22-g7,2,20
pipesworld-notankage-p40-net4-b22-g8,2,22
pipesworld-notankage-p41-net5-b22-g2,0,8
pipesworld-notankage-p42-net5-b22-g4,0,16
pipesworld-notankage-p43-net5-b24-g3,2,20
pipesworld-notankage-p44-net5-b24-g5,2,23
pipesworld-notankage-p45-net5-b26-g4,2,23
pipesworld-notankage-p46-net5-b26-g6,2,31
pipesworld-notankage-p47-net5-b28-g5,2,35
pipesworld-notankage-p48-net5-b28-g7,2,41
pipesworld-notankage-p49-net5-b30-g6,2,28
pipesworld-notankage-p50-net5-b30-g8,2,38
pipesworld-tankage-p01-net1-b6-g2-t50,0,5
pipesworld-tankage-p02-net1-b6-g4-t50,0,7
pipesworld-tankage-p03-net1-b8-g3-t80,0,7
pipesworld-tankage-p04-net1-b8-g5-t80,0,7
pipesworld-tankage-p05-net1-b10-g4-t50,0,7
pipesworld-tankage-p06-net1-b10-g6-t50,0,9
pipesworld-tankage-p07-net1-b12-g5-t80,0,8
pipesworld-tankage-p08-net1-b12-g7-t80,0,10
pipesworld-tankage-p09-net1-b14-g6-t50,0,13
pipesworld-tankage-p10-net1-b14-g8-t50,0,17
pipesworld-tankage-p11-net2-b10-g2-t30,0,12
pipesworld-tankage-p12-net2-b10-g4-t60,0,13
pipesworld-tankage-p13-net2-b12-g3-t70,0,12
pipesworld-tankage-p14-net2-b12-g5-t30,0,19
pipesworld-tankage-p15-net2-b14-g4-t30,0,14
pipesworld-tankage-p16-net2-b14-g6-t80,0,19
pipesworld-tankage-p17-net2-b16-g5-t20,0,13
pipesworld-tankage-p18-net2-b16-g7-t60,0,18
pipesworld-tankage-p19-net2-b18-g6-t60,2,20
pipesworld-tankage-p20-net2-b18-g8-t90,2,23
pipesworld-tankage-p21-net3-b12-g2-t60,0,9
pipesworld-tankage-p22-net3-b12-g4-t60,0,19
pipesworld-tankage-p23-net3-b14-g3-t60,0,15
pipesworld-tankage-p24-net3-b14-g5-t60,0,19
pipesworld-tankage-p25-net3-b16-g5-t60,2,20
pipesworld-tankage-p26-net3-b16-g7-t70,2,24
pipesworld-tankage-p27-net3-b18-g6-t70,2,19
pipesworld-tankage-p28-net3-b18-g7-t70,2,26
pipesworld-tankage-p29-net3-b20-g6-t70,2,21
pipesworld-tankage-p30-net3-b20-g8-t70,2,31
pipesworld-tankage-p31-net4-b14-g3-t20,2,19
pipesworld-tankage-p32-net4-b14-g5-t30,2,21
pipesworld-tankage-p33-net4-b16-g5-t60,2,19
pipesworld-tankage-p34-net4-b16-g6-t60,2,28
pipesworld-tankage-p35-net4-b18-g4-t90,2,17
pipesworld-tankage-p36-net4-b18-g6-t90,2,22
pipesworld-tankage-p37-net4-b20-g5-t60,2,14
pipesworld-tankage-p38-net4-b20-g7-t60,2,20
pipesworld-tankage-p39-net4-b22-g7-t50,2,21
pipesworld-tankage-p40-net4-b22-g8-t50,2,25
pipesworld-tankage-p41-net5-b22-g2-t20,0,8
pipesworld-tankage-p42-net5-b22-g4-t50,2,18
pipesworld-tankage-p43-net5-b24-g3-t80,2,21
pipesworld-tankage-p44-net5-b24-g5-t80,2,24
pipesworld-tankage-p45-net5-b26-g4-t50,2,23
pipesworld-tankage-p46-net5-b26-g6-t50,2,30
pipesworld-tankage-p47-net5-b28-g5-t50,2,35
pipesworld-tankage-p48-net5-b28-g7-t50,2,39
pipesworld-tankage-p49-net5-b30-g6-t50,2,28
pipesworld-tankage-p50-net5-b30-g8-t50,2,39
psr-small-p01-s2-n1-l2-f50,0,1
psr-small-p02-s5-n1-l3-f30,0,1
psr-small-p03-s7-n1-l3-f70,0,1
psr-small-p04-s8-n1-l4-f10,0,1
psr-small-p05-s9-n1-l4-f30,0,1
psr-small-p06-s10-n1-l4-f50,0,1
psr-small-p07-s11-n1-l4-f70,0,1
psr-small-p08-s12-n1-l5-f10,0,1
psr-small-p09-s13-n1-l5-f30,0,1
psr-small-p10-s17-n2-l2-f30,0,2
psr-small-p11-s18-n2-l2-f50,0,2
psr-small-p12-s21-n2-l3-f30,0,2
psr-small-p13-s22-n2-l3-f50,0,3
psr-small-p14-s23-n2-l3-f70,0,2
psr-small-p15-s24-n2-l4-f10,0,2
psr-small-p16-s29-n2-l5-f30,0,3
psr-small-p17-s30-n2-l5-f50,0,2
psr-small-p18-s31-n2-l5-f70,0,2
psr-small-p19-s33-n3-l2-f30,0,5
psr-small-p20-s34-n3-l2-f50,0,3
psr-small-p21-s35-n3-l2-f70,0,3
psr-small-p22-s37-n3-l3-f30,0,4
psr-small-p23-s38-n3-l3-f50,0,3
psr-small-p24-s39-n3-l3-f70,0,3
psr-small-p25-s40-n3-l4-f10,0,2
psr-small-p26-s41-n3-l4-f30,0,3
psr-small-p27-s42-n3-l4-f50,0,3
psr-small-p28-s43-n3-l4-f70,0,3
psr-small-p29-s45-n3-l5-f30,0,5
psr-small-p30-s46-n3-l5-f50,0,3
psr-small-p31-s49-n4-l2-f30,0,4
psr-small-p32-s50-n4-l2-f50,0,4
psr-small-p33-s51-n4-l2-f70,0,4
psr-small-p34-s55-n4-l3-f70,0,4
psr-small-p35-s57-n5-l2-f30,0,4
psr-small-p36-s65-n6-l2-f30,0,6
psr-small-p37-s67-n6-l2-f70,0,6
psr-small-p38-s78-n3-l3-f50,0,3
psr-small-p39-s79-n3-l3-f70,0,3
psr-small-p40-s80-n3-l4-f10,0,3
psr-small-p41-s81-n3-l4-f30,0,3
psr-small-p42-s82-n3-l4-f50,0,4
psr-small-p43-s83-n3-l4-f70,0,4
psr-small-p44-s89-n4-l2-f30,0,5
psr-small-p45-s94-n4-l3-f50,0,4
psr-small-p46-s97-n5-l2-f30,0,5
psr-small-p47-s98-n5-l2-f50,0,4
psr-small-p48-s101-n5-l3-f30,0,5
psr-small-p49-s105-n6-l2-f30,0,7
psr-small-p50-s107-n6-l2-f70,0,6
rovers-p01,0,9
rovers-p02,0,7
rovers-p03,0,9
rovers-p04,0,8
rovers-p05,0,18
rovers-p06,0,27
rovers-p07,0,15
rovers-p08,0,21
rovers-p09,0,24
rovers-p10,0,26
rovers-p11,0,24
rovers-p12,0,16
rovers-p13,0,32
rovers-p14,0,22
rovers-p15,0,29
rovers-p16,0,30
rovers-p17,0,36
rovers-p18,0,31
rovers-p19,0,45
rovers-p20,0,58
rovers-p21,0,41
rovers-p22,0,46
rovers-p23,0,53
rovers-p24,0,65
rovers-p25,0,25
rovers-p26,0,40
rovers-p27,0,59
rovers-p28,0,52
rovers-p29,0,43
rovers-p30,0,70
rovers-p31,0,69
rovers-p32,0,100
rovers-p33,0,126
rovers-p34,0,87
rovers-p35,0,176
rovers-p36,0,115
rovers-p37,0,163
rovers-p38,0,146
rovers-p39,0,190
rovers-p40,0,186
satellite-p01-pfile1,0,8
satellite-p02-pfile2,0,12
satellite-p03-pfile3,0,10
satellite-p04-pfile4,0,17
satellite-p05-pfile5,0,14
satellite-p06-pfile6,0,18
satellite-p07-pfile7,0,20
satellite-p08-pfile8,0,24
satellite-p09-pfile9,0,26
satellite-p10-pfile10,0,29
satellite-p11-pfile11,0,31
satellite-p12-pfile12,0,42
satellite-p13-pfile13,0,55
satellite-p14-pfile14,0,39
satellite-p15-pfile15,0,44
satellite-p16-pfile16,0,45
satellite-p17-pfile17,0,41
satellite-p18-pfile18,0,31
satellite-p19-pfile19,0,58
satellite-p20-pfile20,0,74
satellite-p21-HC-pfile1,0,72
satellite-p22-HC-pfile2,0,89
satellite-p23-HC-pfile3,0,99
satellite-p24-HC-pfile4,0,137
satellite-p25-HC-pfile5,0,125
satellite-p26-HC-pfile6,0,134
satellite-p27-HC-pfile7,0,134
satellite-p28-HC-pfile8,0,191
satellite-p29-HC-pfile9,0,185
satellite-p30-HC-pfile10,0,226
satellite-p31-HC-pfile11,0,267
satellite-p32-HC-pfile12,0,364
satellite-p33-HC-pfile13,0,460
satellite-p34-HC-pfile14,0,285
satellite-p35-HC-pfile15,0,374
satellite-p36-HC-pfile16,0,356
scanalyzer-08-strips-p01,0,18
scanalyzer-08-strips-p02,0,20
scanalyzer-08-strips-p03,0,22
scanalyzer-08-strips-p04,0,24
scanalyzer-08-strips-p05,0,27
scanalyzer-08-strips-p06,0,30
scanalyzer-08-strips-p07,0,30
scanalyzer-08-strips-p08,0,34
scanalyzer-08-strips-p09,0,38
scanalyzer-08-strips-p10,0,36
scanalyzer-08-strips-p11,0,41
scanalyzer-08-strips-p12,0,46
scanalyzer-08-strips-p13,0,42
scanalyzer-08-strips-p14,0,48
scanalyzer-08-strips-p15,0,54
scanalyzer-08-strips-p16,0,48
scanalyzer-08-strips-p17,0,55
scanalyzer-08-strips-p18,0,62
scanalyzer-08-strips-p19,0,54
scanalyzer-08-strips-p20,0,62
scanalyzer-08-strips-p21,0,70
scanalyzer-08-strips-p22,0,12
scanalyzer-08-strips-p23,0,12
scanalyzer-08-strips-p24,0,12
scanalyzer-08-strips-p25,0,24
scanalyzer-08-strips-p26,0,26
scanalyzer-08-strips-p27,0,28
scanalyzer-08-strips-p28,0,36
scanalyzer-08-strips-p29,2,40
scanalyzer-08-strips-p30,2,52
scanalyzer-opt11-strips-p01,0,12
scanalyzer-opt11-strips-p02,0,20
scanalyzer-opt11-strips-p03,0,22
scanalyzer-opt11-strips-p04,0,24
scanalyzer-opt11-strips-p05,0,30
scanalyzer-opt11-strips-p06,0,27
scanalyzer-opt11-strips-p07,0,54
scanalyzer-opt11-strips-p08,0,36
scanalyzer-opt11-strips-p09,0,42
scanalyzer-opt11-strips-p10,0,48
scanalyzer-opt11-strips-p11,0,24
scanalyzer-opt11-strips-p12,0,30
scanalyzer-opt11-strips-p13,0,28
scanalyzer-opt11-strips-p14,0,26
scanalyzer-opt11-strips-p15,0,34
scanalyzer-opt11-strips-p16,0,41
scanalyzer-opt11-strips-p17,0,48
scanalyzer-opt11-strips-p18,0,55
scanalyzer-opt11-strips-p19,0,62
scanalyzer-opt11-strips-p20,0,36
scanalyzer-sat11-strips-p01,0,24
scanalyzer-sat11-strips-p02,0,36
scanalyzer-sat11-strips-p03,0,30
scanalyzer-sat11-strips-p04,0,38
scanalyzer-sat11-strips-p05,0,42
scanalyzer-sat11-strips-p06,0,26
scanalyzer-sat11-strips-p07,0,48
scanalyzer-sat11-strips-p08,0,28
scanalyzer-sat11-strips-p09,0,46
scanalyzer-sat11-strips-p10,0,48
scanalyzer-sat11-strips-p11,0,54
scanalyzer-sat11-strips-p12,0,41
scanalyzer-sat11-strips-p13,0,34
scanalyzer-sat11-strips-p14,0,55
scanalyzer-sat11-strips-p15,0,62
scanalyzer-sat11-strips-p16,0,62
scanalyzer-sat11-strips-p17,0,70
scanalyzer-sat11-strips-p18,0,36
scanalyzer-sat11-strips-p19,2,40
scanalyzer-sat11-strips-p20,2,52
schedule-probschedule-10-0,0,10
schedule-probschedule-10-1,0,8
schedule-probschedule-10-2,0,10
schedule-probschedule-11-0,0,11
schedule-probschedule-11-1,0,11
schedule-probschedule-11-2,0,11
schedule-probschedule-12-0,0,12
schedule-probschedule-12-1,0,12
schedule-probschedule-12-2,0,12
schedule-probschedule-13-0,0,13
schedule-probschedule-13-1,0,13
schedule-probschedule-13-2,0,13
schedule-probschedule-14-0,0,14
schedule-probschedule-14-1,0,14
schedule-probschedule-14-2,0,14
schedule-probschedule-15-0,0,15
schedule-probschedule-15-1,0,14
schedule-probschedule-15-2,0,14
schedule-probschedule-16-0,0,16
schedule-probschedule-16-1,0,15
schedule-probschedule-16-2,0,15
schedule-probschedule-17-0,0,15
schedule-probschedule-17-1,0,17
schedule-probschedule-17-2,0,17
schedule-probschedule-18-0,0,17
schedule-probschedule-18-1,0,18
schedule-probschedule-18-2,0,17
schedule-probschedule-19-0,0,19
schedule-probschedule-19-1,0,18
schedule-probschedule-19-2,0,18
schedule-probschedule-2-0,0,2
schedule-probschedule-2-1,0,2
schedule-probschedule-2-2,0,2
schedule-probschedule-20-0,0,20
schedule-probschedule-20-1,0,20
schedule-probschedule-20-2,0,20
schedule-probschedule-21-0,0,19
schedule-probschedule-21-1,0,20
schedule-probschedule-21-2,0,20
schedule-probschedule-22-0,0,21
schedule-probschedule-22-1,0,22
schedule-probschedule-22-2,0,21
schedule-probschedule-23-0,0,23
schedule-probschedule-23-1,0,23
schedule-probschedule-23-2,0,23
schedule-probschedule-24-0,0,24
schedule-probschedule-24-1,0,24
schedule-probschedule-24-2,0,23
schedule-probschedule-25-0,0,24
schedule-probschedule-25-1,0,25
schedule-probschedule-25-2,0,23
schedule-probschedule-26-0,0,25
schedule-probschedule-26-1,0,26
schedule-probschedule-26-2,0,26
schedule-probschedule-27-0,0,27
schedule-probschedule-27-1,0,27
schedule-probschedule-27-2,0,26
schedule-probschedule-28-0,0,26
schedule-probschedule-28-1,0,27
schedule-probschedule-28-2,0,28
schedule-probschedule-29-0,0,28
schedule-probschedule-29-1,0,29
schedule-probschedule-29-2,0,27
schedule-probschedule-3-0,0,3
schedule-probschedule-3-1,0,2
schedule-probschedule-3-2,0,3
schedule-probschedule-30-0,0,30
schedule-probschedule-30-1,0,30
schedule-probschedule-30-2,0,28
schedule-probschedule-31-0,0,30
schedule-probschedule-31-1,0,31
schedule-probschedule-31-2,0,31
schedule-probschedule-32-0,0,29
schedule-probschedule-32-1,0,31
schedule-probschedule-32-2,0,31
schedule-probschedule-33-0,0,31
schedule-probschedule-33-1,0,32
schedule-probschedule-33-2,0,32
schedule-probschedule-34-0,0,32
schedule-probschedule-34-1,0,34
schedule-probschedule-34-2,0,33
schedule-probschedule-35-0,0,35
schedule-probschedule-35-1,0,34
schedule-probschedule-35-2,0,34
schedule-probschedule-36-0,0,34
schedule-probschedule-36-1,0,35
schedule-probschedule-36-2,0,35
schedule-probschedule-37-0,0,37
schedule-probschedule-37-1,0,35
schedule-probschedule-37-2,0,36
schedule-probschedule-38-0,0,38
schedule-probschedule-38-1,0,36
schedule-probschedule-38-2,0,36
schedule-probschedule-39-0,0,38
schedule-probschedule-39-1,0,38
schedule-probschedule-39-2,0,36
schedule-probschedule-4-0,0,4
schedule-probschedule-4-1,0,4
schedule-probschedule-4-2,0,4
schedule-probschedule-40-0,0,39
schedule-probschedule-40-1,0,38
schedule-probschedule-40-2,0,40
schedule-probschedule-41-0,0,40
schedule-probschedule-41-1,0,41
schedule-probschedule-41-2,0,41
schedule-probschedule-42-0,0,40
schedule-probschedule-42-1,0,42
schedule-probschedule-42-2,0,40
schedule-probschedule-43-0,0,42
schedule-probschedule-43-1,0,42
schedule-probschedule-43-2,0,42
schedule-probschedule-44-0,0,41
schedule-probschedule-44-1,0,43
schedule-probschedule-44-2,0,41
schedule-probschedule-45-0,0,45
schedule-probschedule-45-1,0,43
schedule-probschedule-45-2,0,42
schedule-probschedule-46-0,0,45
schedule-probschedule-46-1,0,45
schedule-probschedule-46-2,0,43
schedule-probschedule-47-0,0,46
schedule-probschedule-47-1,0,45
schedule-probschedule-47-2,0,44
schedule-probschedule-48-0,0,47
schedule-probschedule-48-1,0,43
schedule-probschedule-48-2,0,48
schedule-probschedule-49-0,0,45
schedule-probschedule-49-1,0,48
schedule-probschedule-49-2,0,48
schedule-probschedule-5-0,0,4
schedule-probschedule-5-1,0,5
schedule-probschedule-5-2,0,5
schedule-probschedule-50-0,0,47
schedule-probschedule-50-1,0,48
schedule-probschedule-50-2,0,49
schedule-probschedule-51-0,0,49
schedule-probschedule-51-1,0,47
schedule-probschedule-51-2,0,48
schedule-probschedule-6-0,0,6
schedule-probschedule-6-1,0,6
schedule-probschedule-6-2,0,4
schedule-probschedule-7-0,0,6
schedule-probschedule-7-1,0,7
schedule-probschedule-7-2,0,7
schedule-probschedule-8-0,0,8
schedule-probschedule-8-1,0,8
schedule-probschedule-8-2,0,8
schedule-probschedule-9-0,0,9
schedule-probschedule-9-1,0,8
schedule-probschedule-9-2,0,9
snake-opt18-strips-p01,0,9
snake-opt18-strips-p02,0,9
snake-opt18-strips-p03,0,8
snake-opt18-strips-p04,0,9
snake-opt18-strips-p05,0,6
snake-opt18-strips-p06,0,8
snake-opt18-strips-p07,0,9
snake-opt18-strips-p08,0,8
snake-opt18-strips-p09,0,12
snake-opt18-strips-p10,0,9
snake-opt18-strips-p11,0,12
snake-opt18-strips-p12,0,10
snake-opt18-strips-p13,0,11
snake-opt18-strips-p14,2,17
snake-opt18-strips-p15,0,7
snake-opt18-strips-p16,2,13
snake-opt18-strips-p17,2,13
snake-opt18-strips-p18,2,12
snake-opt18-strips-p19,0,10
snake-opt18-strips-p20,0,9
snake-sat18-strips-p01,2,14
snake-sat18-strips-p02,0,10
snake-sat18-strips-p03,2,12
snake-sat18-strips-p04,2,13
snake-sat18-strips-p05,0,11
snake-sat18-strips-p06,2,17
snake-sat18-strips-p07,2,15
snake-sat18-strips-p08,0,11
snake-sat18-strips-p09,2,12
snake-sat18-strips-p10,2,16
snake-sat18-strips-p11,2,13
snake-sat18-strips-p12,2,13
snake-sat18-strips-p13,2,13
snake-sat18-strips-p14,2,13
snake-sat18-strips-p15,2,16
snake-sat18-strips-p16,2,16
snake-sat18-strips-p17,2,12
snake-sat18-strips-p18,2,16
snake-sat18-strips-p19,2,19
snake-sat18-strips-p20,2,21
sokoban-opt08-strips-p01,0,10
sokoban-opt08-strips-p02,0,9
sokoban-opt08-strips-p03,0,3
sokoban-opt08-strips-p04,0,25
sokoban-opt08-strips-p05,0,8
sokoban-opt08-strips-p06,0,2
sokoban-opt08-strips-p07,0,7
sokoban-opt08-strips-p08,0,13
sokoban-opt08-strips-p09,0,5
sokoban-opt08-strips-p10,0,10
sokoban-opt08-strips-p11,0,16
sokoban-opt08-strips-p12,0,8
sokoban-opt08-strips-p13,0,4
sokoban-opt08-strips-p14,0,11
sokoban-opt08-strips-p15,0,57
sokoban-opt08-strips-p16,0,16
sokoban-opt08-strips-p17,0,6
sokoban-opt08-strips-p18,0,29
sokoban-opt08-strips-p19,0,27
sokoban-opt08-strips-p20,0,2
sokoban-opt08-strips-p21,0,2
sokoban-opt08-strips-p22,0,30
sokoban-opt08-strips-p23,0,15
sokoban-opt08-strips-p24,0,14
sokoban-opt08-strips-p25,0,25
sokoban-opt08-strips-p26,0,23
sokoban-opt08-strips-p27,0,11
sokoban-opt08-strips-p28,0,18
sokoban-opt08-strips-p29,0,15
sokoban-opt08-strips-p30,0,12
sokoban-opt11-strips-p01,0,2
sokoban-opt11-strips-p02,0,6
sokoban-opt11-strips-p03,0,11
sokoban-opt11-strips-p04,0,25
sokoban-opt11-strips-p05,0,16
sokoban-opt11-strips-p06,0,16
sokoban-opt11-strips-p07,0,10
sokoban-opt11-strips-p08,0,5
sokoban-opt11-strips-p09,0,7
sokoban-opt11-strips-p10,0,8
sokoban-opt11-strips-p11,0,4
sokoban-opt11-strips-p12,0,2
sokoban-opt11-strips-p13,0,13
sokoban-opt11-strips-p14,0,8
sokoban-opt11-strips-p15,0,29
sokoban-opt11-strips-p16,0,57
sokoban-opt11-strips-p17,0,27
sokoban-opt11-strips-p18,0,2
sokoban-opt11-strips-p19,0,30
sokoban-opt11-strips-p20,0,15
sokoban-sat08-strips-p01,0,9
sokoban-sat08-strips-p02,0,25
sokoban-sat08-strips-p03,0,2
sokoban-sat08-strips-p04,0,13
sokoban-sat08-strips-p05,0,10
sokoban-sat08-strips-p06,0,8
sokoban-sat08-strips-p07,0,11
sokoban-sat08-strips-p08,0,16
sokoban-sat08-strips-p09,0,29
sokoban-sat08-strips-p10,0,2
sokoban-sat08-strips-p11,0,2
sokoban-sat08-strips-p12,0,30
sokoban-sat08-strips-p13,0,15
sokoban-sat08-strips-p14,0,14
sokoban-sat08-strips-p15,0,25
sokoban-sat08-strips-p16,0,23
sokoban-sat08-strips-p17,0,11
sokoban-sat08-strips-p18,0,18
sokoban-sat08-strips-p19,0,15
sokoban-sat08-strips-p20,0,12
sokoban-sat08-strips-p21,0,29
sokoban-sat08-strips-p22,0,21
sokoban-sat08-strips-p23,0,30
sokoban-sat08-strips-p24,0,22
sokoban-sat08-strips-p25,0,15
sokoban-sat08-strips-p26,0,32
sokoban-sat08-strips-p27,0,8
sokoban-sat08-strips-p28,0,76
sokoban-sat08-strips-p29,0,22
sokoban-sat08-strips-p30,0,53
sokoban-sat11-strips-p01,0,15
sokoban-sat11-strips-p02,0,16
sokoban-sat11-strips-p03,0,11
sokoban-sat11-strips-p04,0,23
sokoban-sat11-strips-p05,0,14
sokoban-sat11-strips-p06,0,30
sokoban-sat11-strips-p07,0,15
sokoban-sat11-strips-p08,0,21
sokoban-sat11-strips-p09,0,2
sokoban-sat11-strips-p10,0,30
sokoban-sat11-strips-p11,0,76
sokoban-sat11-strips-p12,0,18
sokoban-sat11-strips-p13,0,8
sokoban-sat11-strips-p14,0,22
sokoban-sat11-strips-p15,0,53
sokoban-sat11-strips-p16,0,15
sokoban-sat11-strips-p17,0,32
sokoban-sat11-strips-p18,0,22
sokoban-sat11-strips-p19,0,25
sokoban-sat11-strips-p20,0,12
spider-opt18-strips-p01,0,10
spider-opt18-strips-p02,0,13
spider-opt18-strips-p03,0,14
spider-opt18-strips-p04,0,19
spider-opt18-strips-p05,0,21
spider-opt18-strips-p06,0,26
spider-opt18-strips-p07,0,9
spider-opt18-strips-p08,0,12
spider-opt18-strips-p09,0,16
spider-opt18-strips-p10,0,17
spider-opt18-strips-p11,0,19
spider-opt18-strips-p12,0,23
spider-opt18-strips-p13,0,26
spider-opt18-strips-p14,0,6
spider-opt18-strips-p15,0,13
spider-opt18-strips-p16,0,11
spider-opt18-strips-p17,0,19
spider-opt18-strips-p18,0,21
spider-opt18-strips-p19,0,20
spider-opt18-strips-p20,0,28
spider-sat18-strips-p01,0,20
spider-sat18-strips-p02,0,24
spider-sat18-strips-p03,0,30
spider-sat18-strips-p04,0,29
spider-sat18-strips-p05,0,31
spider-sat18-strips-p06,0,37
spider-sat18-strips-p07,0,18
spider-sat18-strips-p08,0,19
spider-sat18-strips-p09,0,22
spider-sat18-strips-p10,0,23
spider-sat18-strips-p11,0,31
spider-sat18-strips-p12,0,31
spider-sat18-strips-p13,0,33
spider-sat18-strips-p14,0,18
spider-sat18-strips-p15,0,19
spider-sat18-strips-p16,0,22
spider-sat18-strips-p17,0,26
spider-sat18-strips-p18,0,26
spider-sat18-strips-p19,0,28
spider-sat18-strips-p20,0,33
storage-p01,0,3
storage-p02,0,3
storage-p03,0,3
storage-p04,0,6
storage-p05,0,6
storage-p06,0,6
storage-p07,0,10
storage-p08,0,8
storage-p09,0,7
storage-p10,0,12
storage-p11,0,9
storage-p12,0,9
storage-p13,0,12
storage-p14,0,13
storage-p15,0,11
storage-p16,0,13
storage-p17,0,15
storage-p18,0,18
storage-p19,0,19
storage-p20,0,22
storage-p21,0,24
storage-p22,0,25
storage-p23,0,28
storage-p24,0,29
storage-p25,0,33
storage-p26,0,34
storage-p27,0,36
storage-p28,0,38
storage-p29,0,40
storage-p30,0,41
termes-opt18-strips-p01,0,9
termes-opt18-strips-p02,0,11
termes-opt18-strips-p03,0,10
termes-opt18-strips-p04,0,16
termes-opt18-strips-p05,0,12
termes-opt18-strips-p06,0,18
termes-opt18-strips-p07,0,14
termes-opt18-strips-p08,0,18
termes-opt18-strips-p09,0,16
termes-opt18-strips-p10,0,18
termes-opt18-strips-p11,0,16
termes-opt18-strips-p12,0,14
termes-opt18-strips-p13,0,21
termes-opt18-strips-p14,0,18
termes-opt18-strips-p15,0,23
termes-opt18-strips-p16,0,26
termes-opt18-strips-p17,0,25
termes-opt18-strips-p18,0,21
termes-opt18-strips-p19,0,19
termes-opt18-strips-p20,0,24
termes-sat18-strips-p01,0,14
termes-sat18-strips-p02,0,22
termes-sat18-strips-p03,0,19
termes-sat18-strips-p04,0,23
termes-sat18-strips-p05,0,24
termes-sat18-strips-p06,0,25
termes-sat18-strips-p07,0,28
termes-sat18-strips-p08,0,19
termes-sat18-strips-p09,0,18
termes-sat18-strips-p10,0,20
termes-sat18-strips-p11,0,34
termes-sat18-strips-p12,0,51
termes-sat18-strips-p13,0,66
termes-sat18-strips-p14,0,81
termes-sat18-strips-p15,0,96
termes-sat18-strips-p16,0,44
termes-sat18-strips-p17,0,60
termes-sat18-strips-p18,0,76
termes-sat18-strips-p19,0,92
termes-sat18-strips-p20,0,118
tetris-opt14-strips-p01-10,0,16
tetris-opt14-strips-p01-6,0,17
tetris-opt14-strips-p01-8,0,17
tetris-opt14-strips-p02-10,0,19
tetris-opt14-strips-p02-4,0,8
tetris-opt14-strips-p02-6,0,15
tetris-opt14-strips-p02-8,0,19
tetris-opt14-strips-p03-10,0,27
tetris-opt14-strips-p03-4,0,7
tetris-opt14-strips-p03-6,0,11
tetris-opt14-strips-p03-8,0,20
tetris-opt14-strips-p04-10,0,28
tetris-opt14-strips-p04-6,0,14
tetris-opt14-strips-p04-8,0,25
tetris-opt14-strips-p05-10,0,23
tetris-opt14-strips-p05-6,0,12
tetris-opt14-strips-p05-8,0,22
tetris-sat14-strips-p020,0,19
tetris-sat14-strips-p021,0,35
tetris-sat14-strips-p022,0,24
tetris-sat14-strips-p023,0,28
tetris-sat14-strips-p024,0,28
tetris-sat14-strips-p025,0,22
tetris-sat14-strips-p026,0,37
tetris-sat14-strips-p027,0,33
tetris-sat14-strips-p028,0,33
tetris-sat14-strips-p029,0,25
tetris-sat14-strips-p031,0,41
tetris-sat14-strips-p032,0,22
tetris-sat14-strips-p033,0,38
tetris-sat14-strips-p034,0,39
tetris-sat14-strips-p035,0,38
tetris-sat14-strips-p036,0,29
tetris-sat14-strips-p037,0,34
tetris-sat14-strips-p038,0,33
tetris-sat14-strips-p039,0,41
tetris-sat14-strips-p040,0,39
thoughtful-mco14-strips-p11_6_65-typed,2,71
thoughtful-mco14-strips-p11_6_74-typed,2,73
thoughtful-mco14-strips-p11_6_75-typed,2,76
thoughtful-mco14-strips-p11_6_78-typed,2,69
thoughtful-mco14-strips-p11_6_88-typed,2,81
thoughtful-mco14-strips-p11_6_89-typed,2,76
thoughtful-mco14-strips-p11_6_98-typed,2,71
thoughtful-mco14-strips-p11_6_99-typed,2,82
thoughtful-mco14-strips-p13_7_55-typed,2,95
thoughtful-mco14-strips-p13_7_56-typed,2,87
thoughtful-mco14-strips-p13_7_58-typed,2,87
thoughtful-mco14-strips-p13_7_61-typed,2,96
thoughtful-mco14-strips-p13_7_62-typed,2,85
thoughtful-mco14-strips-p13_7_64-typed,2,92
thoughtful-mco14-strips-p13_7_68-typed,2,101
thoughtful-mco14-strips-p13_7_69-typed,2,90
thoughtful-mco14-strips-p13_7_72-typed,2,87
thoughtful-mco14-strips-p13_7_74-typed,2,87
thoughtful-mco14-strips-p13_7_79-typed,2,81
thoughtful-mco14-strips-p13_7_86-typed,2,82
thoughtful-sat14-strips-bootstrap-typed-01,0,26
thoughtful-sat14-strips-bootstrap-typed-02,0,24
thoughtful-sat14-strips-bootstrap-typed-03,0,25
thoughtful-sat14-strips-bootstrap-typed-04,0,26
thoughtful-sat14-strips-bootstrap-typed-05,0,29
thoughtful-sat14-strips-p11_6_53-typed,2,73
thoughtful-sat14-strips-p11_6_59-typed,2,71
thoughtful-sat14-strips-p11_6_62-typed,2,68
thoughtful-sat14-strips-p13_7_78-typed,2,91
thoughtful-sat14-strips-p13_7_79-typed,2,81
thoughtful-sat14-strips-p13_7_86-typed,2,82
thoughtful-sat14-strips-target-typed-20,2,86
thoughtful-sat14-strips-target-typed-21,2,92
thoughtful-sat14-strips-target-typed-22,2,101
thoughtful-sat14-strips-target-typed-23,2,85
thoughtful-sat14-strips-target-typed-24,2,82
thoughtful-sat14-strips-target-typed-25,2,92
thoughtful-sat14-strips-target-typed-26,2,97
thoughtful-sat14-strips-target-typed-27,2,81
thoughtful-sat14-strips-target-typed-28,2,84
tidybot-opt11-strips-p01,0,4
tidybot-opt11-strips-p02,0,20
tidybot-opt11-strips-p03,0,13
tidybot-opt11-strips-p04,0,26
tidybot-opt11-strips-p05,0,25
tidybot-opt11-strips-p06,0,28
tidybot-opt11-strips-p07,0,14
tidybot-opt11-strips-p08,0,20
tidybot-opt11-strips-p09,0,18
tidybot-opt11-strips-p10,2,25
tidybot-opt11-strips-p11,0,18
tidybot-opt11-strips-p12,2,25
tidybot-opt11-strips-p13,0,19
tidybot-opt11-strips-p14,0,18
tidybot-opt11-strips-p15,2,21
tidybot-opt11-strips-p16,0,25
tidybot-opt11-strips-p17,2,26
tidybot-opt11-strips-p18,0,20
tidybot-opt11-strips-p19,0,23
tidybot-opt11-strips-p20,0,28
tidybot-opt14-strips-p01,2,26
tidybot-opt14-strips-p02,2,27
tidybot-opt14-strips-p03,0,21
tidybot-opt14-strips-p04,2,20
tidybot-opt14-strips-p05,0,22
tidybot-opt14-strips-p06,2,27
tidybot-opt14-strips-p07,0,25
tidybot-opt14-strips-p08,0,18
tidybot-opt14-strips-p09,2,24
tidybot-opt14-strips-p10,2,27
tidybot-opt14-strips-p11,0,18
tidybot-opt14-strips-p12,2,25
tidybot-opt14-strips-p13,0,19
tidybot-opt14-strips-p14,0,18
tidybot-opt14-strips-p15,2,21
tidybot-opt14-strips-p16,0,25
tidybot-opt14-strips-p17,2,26
tidybot-opt14-strips-p18,0,20
tidybot-opt14-strips-p19,0,23
tidybot-opt14-strips-p20,0,28
tidybot-sat11-strips-p01,2,26
tidybot-sat11-strips-p02,2,27
tidybot-sat11-strips-p03,0,21
tidybot-sat11-strips-p04,2,20
tidybot-sat11-strips-p05,0,22
tidybot-sat11-strips-p06,2,27
tidybot-sat11-strips-p07,0,25
tidybot-sat11-strips-p08,0,18
tidybot-sat11-strips-p09,2,24
tidybot-sat11-strips-p10,2,27
tidybot-sat11-strips-p11,2,28
tidybot-sat11-strips-p12,2,22
tidybot-sat11-strips-p13,2,26
tidybot-sat11-strips-p14,0,26
tidybot-sat11-strips-p15,0,28
tidybot-sat11-strips-p16,2,28
tidybot-sat11-strips-p17,2,27
tidybot-sat11-strips-p18,2,25
tidybot-sat11-strips-p19,2,58
tidybot-sat11-strips-p20,2,46
tpp-p01,0,4
tpp-p02,0,7
tpp-p03,0,10
tpp-p04,0,13
tpp-p05,0,17
tpp-p06,0,21
tpp-p07,0,26
tpp-p08,0,30
tpp-p09,0,35
tpp-p10,0,39
tpp-p11,0,30
tpp-p12,0,32
tpp-p13,0,31
tpp-p14,0,39
tpp-p15,0,45
tpp-p16,0,52
tpp-p17,0,50
tpp-p18,0,51
tpp-p19,0,62
tpp-p20,0,69
tpp-p21,0,60
tpp-p22,0,54
tpp-p23,0,63
tpp-p24,0,65
tpp-p25,0,74
tpp-p26,0,77
tpp-p27,0,83
tpp-p28,0,87
tpp-p29,0,102
tpp-p30,0,101
transport-opt08-strips-p01,0,54
transport-opt08-strips-p02,0,119
transport-opt08-strips-p03,0,165
transport-opt08-strips-p04,0,189
transport-opt08-strips-p05,0,227
transport-opt08-strips-p06,2,265
transport-opt08-strips-p07,0,313
transport-opt08-strips-p08,0,256
transport-opt08-strips-p09,2,288
transport-opt08-strips-p10,2,348
transport-opt08-strips-p11,0,245
transport-opt08-strips-p12,0,305
transport-opt08-strips-p13,0,318
transport-opt08-strips-p14,0,382
transport-opt08-strips-p15,0,343
transport-opt08-strips-p16,0,482
transport-opt08-strips-p17,2,552
transport-opt08-strips-p18,2,482
transport-opt08-strips-p19,2,532
transport-opt08-strips-p20,2,715
transport-opt08-strips-p21,0,320
transport-opt08-strips-p22,0,433
transport-opt08-strips-p23,0,505
transport-opt08-strips-p24,0,428
transport-opt08-strips-p25,0,549
transport-opt08-strips-p26,0,514
transport-opt08-strips-p27,2,528
transport-opt08-strips-p28,2,641
transport-opt08-strips-p29,2,719
transport-opt08-strips-p30,2,665
transport-opt11-strips-p01,0,505
transport-opt11-strips-p02,0,165
transport-opt11-strips-p03,0,305
transport-opt11-strips-p04,0,318
transport-opt11-strips-p05,0,428
transport-opt11-strips-p06,0,189
transport-opt11-strips-p07,0,170
transport-opt11-strips-p08,0,214
transport-opt11-strips-p09,0,151
transport-opt11-strips-p10,0,243
transport-opt11-strips-p11,0,404
transport-opt11-strips-p12,0,438
transport-opt11-strips-p13,0,224
transport-opt11-strips-p14,0,240
transport-opt11-strips-p15,0,589
transport-opt11-strips-p16,0,561
transport-opt11-strips-p17,0,227
transport-opt11-strips-p18,0,382
transport-opt11-strips-p19,0,549
transport-opt11-strips-p20,2,265
transport-opt14-strips-p01,0,90
transport-opt14-strips-p02,0,127
transport-opt14-strips-p03,0,174
transport-opt14-strips-p04,0,164
transport-opt14-strips-p05,0,263
transport-opt14-strips-p06,0,260
transport-opt14-strips-p07,0,360
transport-opt14-strips-p08,0,370
transport-opt14-strips-p09,0,394
transport-opt14-strips-p10,0,517
transport-opt14-strips-p11,2,542
transport-opt14-strips-p12,0,570
transport-opt14-strips-p13,0,473
transport-opt14-strips-p14,0,336
transport-opt14-strips-p15,0,601
transport-opt14-strips-p16,2,584
transport-opt14-strips-p17,2,625
transport-opt14-strips-p18,2,645
transport-opt14-strips-p19,2,719
transport-opt14-strips-p20,2,719
transport-sat08-strips-p01,0,54
transport-sat08-strips-p02,0,152
transport-sat08-strips-p03,0,211
transport-sat08-strips-p04,0,240
transport-sat08-strips-p05,0,290
transport-sat08-strips-p06,2,361
transport-sat08-strips-p07,2,425
transport-sat08-strips-p08,0,339
transport-sat08-strips-p09,2,406
transport-sat08-strips-p10,2,495
transport-sat08-strips-p11,0,262
transport-sat08-strips-p12,0,258
transport-sat08-strips-p13,0,370
transport-sat08-strips-p14,0,493
transport-sat08-strips-p15,0,517
transport-sat08-strips-p16,2,585
transport-sat08-strips-p17,2,684
transport-sat08-strips-p18,2,661
transport-sat08-strips-p19,2,757
transport-sat08-strips-p20,2,733
transport-sat08-strips-p21,0,386
transport-sat08-strips-p22,0,421
transport-sat08-strips-p23,2,512
transport-sat08-strips-p24,0,638
transport-sat08-strips-p25,2,680
transport-sat08-strips-p26,2,631
transport-sat08-strips-p27,2,825
transport-sat08-strips-p28,2,839
transport-sat08-strips-p29,2,958
transport-sat08-strips-p30,2,1117
transport-sat11-strips-p01,0,339
transport-sat11-strips-p02,2,406
transport-sat11-strips-p03,2,958
transport-sat11-strips-p04,2,585
transport-sat11-strips-p05,2,684
transport-sat11-strips-p06,2,661
transport-sat11-strips-p07,2,757
transport-sat11-strips-p08,2,495
transport-sat11-strips-p09,2,733
transport-sat11-strips-p10,2,1117
transport-sat11-strips-p11,2,462
transport-sat11-strips-p12,2,507
transport-sat11-strips-p13,2,529
transport-sat11-strips-p14,2,955
transport-sat11-strips-p15,2,978
transport-sat11-strips-p16,2,953
transport-sat11-strips-p17,2,1294
transport-sat11-strips-p18,2,1175
transport-sat11-strips-p19,2,1265
transport-sat11-strips-p20,2,1309
transport-sat14-strips-p01,2,523
transport-sat14-strips-p02,2,570
transport-sat14-strips-p03,2,541
transport-sat14-strips-p04,2,1121
transport-sat14-strips-p05,2,1003
transport-sat14-strips-p06,2,1121
transport-sat14-strips-p07,2,1380
transport-sat14-strips-p08,2,1468
transport-sat14-strips-p09,2,1380
transport-sat14-strips-p10,2,1424
transport-sat14-strips-p11,2,574
transport-sat14-strips-p12,2,618
transport-sat14-strips-p13,2,556
transport-sat14-strips-p14,2,936
transport-sat14-strips-p15,2,1035
transport-sat14-strips-p16,2,968
transport-sat14-strips-p17,2,1356
transport-sat14-strips-p18,2,1356
transport-sat14-strips-p19,2,1178
transport-sat14-strips-p20,2,1425
trucks-strips-p01,0,11
trucks-strips-p02,0,14
trucks-strips-p03,0,17
trucks-strips-p04,0,20
trucks-strips-p05,0,23
trucks-strips-p06,0,26
trucks-strips-p07,0,20
trucks-strips-p08,0,24
trucks-strips-p09,0,26
trucks-strips-p10,0,30
trucks-strips-p11,0,33
trucks-strips-p12,0,36
trucks-strips-p13,0,30
trucks-strips-p14,0,34
trucks-strips-p15,0,37
trucks-strips-p16,0,40
trucks-strips-p17,0,43
trucks-strips-p18,0,46
trucks-strips-p19,0,41
trucks-strips-p20,0,44
trucks-strips-p21,0,47
trucks-strips-p22,0,50
trucks-strips-p23,0,53
trucks-strips-p24,0,56
trucks-strips-p25,0,50
trucks-strips-p26,0,54
trucks-strips-p27,0,57
trucks-strips-p28,0,60
trucks-strips-p29,0,63
trucks-strips-p30,0,66
visitall-opt11-strips-problem02-full,0,3
visitall-opt11-strips-problem02-half,0,1
visitall-opt11-strips-problem03-full,0,8
visitall-opt11-strips-problem03-half,0,5
visitall-opt11-strips-problem04-full,0,15
visitall-opt11-strips-problem04-half,0,10
visitall-opt11-strips-problem05-full,0,24
visitall-opt11-strips-problem05-half,0,15
visitall-opt11-strips-problem06-full,0,35
visitall-opt11-strips-problem06-half,0,19
visitall-opt11-strips-problem07-full,0,48
visitall-opt11-strips-problem07-half,0,32
visitall-opt11-strips-problem08-full,0,63
visitall-opt11-strips-problem08-half,0,37
visitall-opt11-strips-problem09-full,0,80
visitall-opt11-strips-problem09-half,0,51
visitall-opt11-strips-problem10-full,0,99
visitall-opt11-strips-problem10-half,0,56
visitall-opt11-strips-problem11-full,0,120
visitall-opt11-strips-problem11-half,0,64
visitall-opt14-strips-p-05-10,0,53
visitall-opt14-strips-p-05-5,0,18
visitall-opt14-strips-p-05-6,0,20
visitall-opt14-strips-p-05-7,0,28
visitall-opt14-strips-p-05-8,0,39
visitall-opt14-strips-p-05-9,0,46
visitall-opt14-strips-p-1-10,0,99
visitall-opt14-strips-p-1-11,0,120
visitall-opt14-strips-p-1-12,0,143
visitall-opt14-strips-p-1-13,0,168
visitall-opt14-strips-p-1-14,0,195
visitall-opt14-strips-p-1-15,0,224
visitall-opt14-strips-p-1-16,0,255
visitall-opt14-strips-p-1-17,0,288
visitall-opt14-strips-p-1-18,0,323
visitall-opt14-strips-p-1-5,0,24
visitall-opt14-strips-p-1-6,0,35
visitall-opt14-strips-p-1-7,0,48
visitall-opt14-strips-p-1-8,0,63
visitall-opt14-strips-p-1-9,0,80
visitall-sat11-strips-problem12,0,143
visitall-sat11-strips-problem14,0,195
visitall-sat11-strips-problem16,0,255
visitall-sat11-strips-problem18,0,323
visitall-sat11-strips-problem20,0,399
visitall-sat11-strips-problem22,0,483
visitall-sat11-strips-problem24,0,575
visitall-sat11-strips-problem26,0,675
visitall-sat11-strips-problem28,0,783
visitall-sat11-strips-problem30,0,899
visitall-sat11-strips-problem32,0,1023
visitall-sat11-strips-problem34,0,1155
visitall-sat11-strips-problem36,0,1295
visitall-sat11-strips-problem38,0,1443
visitall-sat11-strips-problem40,0,1599
visitall-sat11-strips-problem42,0,1763
visitall-sat11-strips-problem44,0,1935
visitall-sat11-strips-problem46,0,2115
visitall-sat11-strips-problem48,0,2303
visitall-sat11-strips-problem50,0,2499
visitall-sat14-strips-pfile30,0,899
visitall-sat14-strips-pfile31,0,960
visitall-sat14-strips-pfile32,0,1023
visitall-sat14-strips-pfile33,0,1088
visitall-sat14-strips-pfile50,0,2499
visitall-sat14-strips-pfile51,0,2600
visitall-sat14-strips-pfile52,0,2703
visitall-sat14-strips-pfile53,0,2808
visitall-sat14-strips-pfile54,0,2915
visitall-sat14-strips-pfile55,0,3024
visitall-sat14-strips-pfile56,0,3135
visitall-sat14-strips-pfile57,0,3248
visitall-sat14-strips-pfile58,0,3363
visitall-sat14-strips-pfile59,0,3480
visitall-sat14-strips-pfile60,0,3599
visitall-sat14-strips-pfile61,0,3720
visitall-sat14-strips-pfile62,0,3843
visitall-sat14-strips-pfile63,0,3968
visitall-sat14-strips-pfile64,0,4095
visitall-sat14-strips-pfile65,0,4224
woodworking-opt08-strips-p01,0,170
woodworking-opt08-strips-p02,0,185
woodworking-opt08-strips-p03,0,275
woodworking-opt08-strips-p04,0,235
woodworking-opt08-strips-p05,0,260
woodworking-opt08-strips-p06,0,430
woodworking-opt08-strips-p07,0,390
woodworking-opt08-strips-p08,0,420
woodworking-opt08-strips-p09,0,425
woodworking-opt08-strips-p10,0,485
woodworking-opt08-strips-p11,0,130
woodworking-opt08-strips-p12,0,225
woodworking-opt08-strips-p13,0,195
woodworking-opt08-strips-p14,0,195
woodworking-opt08-strips-p15,0,270
woodworking-opt08-strips-p16,0,275
woodworking-opt08-strips-p17,0,280
woodworking-opt08-strips-p18,0,435
woodworking-opt08-strips-p19,0,395
woodworking-opt08-strips-p20,0,435
woodworking-opt08-strips-p21,0,95
woodworking-opt08-strips-p22,0,175
woodworking-opt08-strips-p23,0,195
woodworking-opt08-strips-p24,0,235
woodworking-opt08-strips-p25,0,380
woodworking-opt08-strips-p26,0,220
woodworking-opt08-strips-p27,0,320
woodworking-opt08-strips-p28,0,465
woodworking-opt08-strips-p29,0,535
woodworking-opt08-strips-p30,0,650
woodworking-opt11-strips-p01,0,195
woodworking-opt11-strips-p02,0,225
woodworking-opt11-strips-p03,0,195
woodworking-opt11-strips-p04,0,275
woodworking-opt11-strips-p05,0,235
woodworking-opt11-strips-p06,0,235
woodworking-opt11-strips-p07,0,195
woodworking-opt11-strips-p08,0,380
woodworking-opt11-strips-p09,0,260
woodworking-opt11-strips-p10,0,270
woodworking-opt11-strips-p11,0,220
woodworking-opt11-strips-p12,0,275
woodworking-opt11-strips-p13,0,430
woodworking-opt11-strips-p14,0,320
woodworking-opt11-strips-p15,0,280
woodworking-opt11-strips-p16,0,390
woodworking-opt11-strips-p17,0,465
woodworking-opt11-strips-p18,0,435
woodworking-opt11-strips-p19,0,420
woodworking-opt11-strips-p20,0,535
woodworking-sat08-strips-p01,0,110
woodworking-sat08-strips-p02,0,255
woodworking-sat08-strips-p03,0,425
woodworking-sat08-strips-p04,0,725
woodworking-sat08-strips-p05,0,515
woodworking-sat08-strips-p06,0,690
woodworking-sat08-strips-p07,0,900
woodworking-sat08-strips-p08,0,1080
woodworking-sat08-strips-p09,0,990
woodworking-sat08-strips-p10,0,1080
woodworking-sat08-strips-p11,0,50
woodworking-sat08-strips-p12,0,270
woodworking-sat08-strips-p13,0,435
woodworking-sat08-strips-p14,0,455
woodworking-sat08-strips-p15,0,790
woodworking-sat08-strips-p16,0,640
woodworking-sat08-strips-p17,0,905
woodworking-sat08-strips-p18,0,920
woodworking-sat08-strips-p19,0,995
woodworking-sat08-strips-p20,0,1155
woodworking-sat08-strips-p21,0,165
woodworking-sat08-strips-p22,0,205
woodworking-sat08-strips-p23,0,385
woodworking-sat08-strips-p24,0,540
woodworking-sat08-strips-p25,0,520
woodworking-sat08-strips-p26,0,910
woodworking-sat08-strips-p27,0,695
woodworking-sat08-strips-p28,0,1290
woodworking-sat08-strips-p29,0,1090
woodworking-sat08-strips-p30,0,1100
woodworking-sat11-strips-p01,0,900
woodworking-sat11-strips-p02,0,1080
woodworking-sat11-strips-p03,0,995
woodworking-sat11-strips-p04,0,990
woodworking-sat11-strips-p05,0,1155
woodworking-sat11-strips-p06,0,1080
woodworking-sat11-strips-p07,0,1290
woodworking-sat11-strips-p08,0,1090
woodworking-sat11-strips-p09,0,920
woodworking-sat11-strips-p10,0,50
woodworking-sat11-strips-p11,0,1305
woodworking-sat11-strips-p12,0,1275
woodworking-sat11-strips-p13,0,1375
woodworking-sat11-strips-p14,0,1035
woodworking-sat11-strips-p15,0,1505
woodworking-sat11-strips-p16,0,1325
woodworking-sat11-strips-p17,0,645
woodworking-sat11-strips-p18,0,1085
woodworking-sat11-strips-p19,0,895
woodworking-sat11-strips-p20,0,950
zenotravel-p01,0,1
zenotravel-p02,0,4
zenotravel-p03,0,5
zenotravel-p04,0,6
zenotravel-p05,0,11
zenotravel-p06,0,11
zenotravel-p07,0,11
zenotravel-p08,0,10
zenotravel-p09,0,18
zenotravel-p10,0,20
zenotravel-p11,0,12
zenotravel-p12,0,19
zenotravel-p13,0,23
zenotravel-p14,0,28
zenotravel-p15,0,32
zenotravel-p16,0,38
zenotravel-p17,0,52
zenotravel-p18,0,51
zenotravel-p19,0,59
zenotravel-p20,0,68
